ad_id,producto_id,comment_id,creado_en,comentario,clase,idioma,campo,accion,motivo,respuesta_que_publicaria,texto_bloqueado
"120250783606920189","lucessolares","1699707728526399_1600109378376941","2026-09-04T17:32:49+0000","Precio xfav","precio","es","","publica","","¡Hola! Te damos toda la información por WhatsApp para atenderte mejor 👉 https://wa.me/5214423621753?text=Hola%2C%20me%20interesa%20luces",""
"120250783606920189","lucessolares","1699707728526399_3587464298092711","2026-09-02T01:47:44+0000","Precio de las luces solares","precio","es","","publica","","¡Hola! Te damos toda la información por WhatsApp para atenderte mejor 👉 https://wa.me/5214423621753?text=Hola%2C%20me%20interesa%20luces",""
"120250783606920189","lucessolares","1699707728526399_1757717758481661","2026-08-25T21:19:25+0000","Dónde  puedo conseguir?","precio","es","","publica","","¡Hola! Te damos toda la información por WhatsApp para atenderte mejor 👉 https://wa.me/5214423621753?text=Hola%2C%20me%20interesa%20luces",""
"120250783606920189","lucessolares","1699707728526399_1026606516853257","2026-08-31T19:02:55+0000","Precio xfa donde se consigue","precio","es","","publica","","¡Hola! Te damos toda la información por WhatsApp para atenderte mejor 👉 https://wa.me/5214423621753?text=Hola%2C%20me%20interesa%20luces",""
"120250783606920189","lucessolares","1699707728526399_2563234454136871","2026-08-29T23:42:12+0000","Precio y dónde se ubican","precio","es","","publica","","¡Hola! Te damos toda la información por WhatsApp para atenderte mejor 👉 https://wa.me/5214423621753?text=Hola%2C%20me%20interesa%20luces",""
"120250783606920189","lucessolares","1699707728526399_1585319813336127","2026-08-24T04:44:59+0000","Dónde se venden?","","","","descartado","aplazado_por_limite","",""
"120250783606920189","lucessolares","1699707728526399_2000694510616603","2026-08-31T18:50:41+0000","Que precio tienen ?","","","","descartado","aplazado_por_limite","",""
"120250783606920189","lucessolares","1699707728526399_1585052413155186","2026-08-23T15:46:47+0000","Precio y con quién comunicarme","","","","descartado","aplazado_por_limite","",""
"120250783606920189","lucessolares","1699707728526399_2066452164745014","2026-08-22T17:03:51+0000","Q cuestan","","","","descartado","aplazado_por_limite","",""
"120250783606920189","lucessolares","1699707728526399_27178728311802158","2026-08-26T18:07:05+0000","Cuánto cuestan?","","","","descartado","aplazado_por_limite","",""
"120250783606920189","lucessolares","1699707728526399_2144658092812741","2026-09-04T04:27:33+0000","$995 paq. De 12 luces.","","","","descartado","aplazado_por_limite","",""
"120250783606920189","lucessolares","1699707728526399_2084312952184462","2026-08-31T03:17:57+0000","Su precio","","","","descartado","aplazado_por_limite","",""
"120250783606920189","lucessolares","1699707728526399_1386949769468070","2026-08-24T23:16:55+0000","K precio tiene una","","","","descartado","aplazado_por_limite","",""
"120250783606920189","lucessolares","1699707728526399_1045095708289895","2026-08-31T05:03:39+0000","Adriana Arroyo costo","","","","descartado","aplazado_por_limite","",""
"120250783606920189","lucessolares","1699707728526399_1613961293448731","2026-08-24T14:54:03+0000","Pongan precio","","","","descartado","aplazado_por_limite","",""
"120250783606920189","lucessolares","1699707728526399_1582910766547596","2026-09-01T19:15:13+0000","Q buen cuánto cuestan y cuántas son?","","","","descartado","aplazado_por_limite","",""
"120250783606920189","lucessolares","1699707728526399_1375635738069848","2026-08-30T23:10:45+0000","Cuantas horas dura su carga","","","","descartado","aplazado_por_limite","",""
"120250783606920189","lucessolares","1699707728526399_2124649694813356","2026-08-28T02:13:09+0000","Cuántas trae el paquete y cuál es el precio? 😀","","","","descartado","aplazado_por_limite","",""
"120250783606920189","lucessolares","1699707728526399_38301112356169333","2026-08-29T22:40:39+0000","Cual es su tiempo de vida","","","","descartado","aplazado_por_limite","",""
"120250783606920189","lucessolares","1699707728526399_1614657946951779","2026-09-06T00:36:20+0000","dónde es y k  cuesta","","","","descartado","aplazado_por_limite","",""
"120250783606920189","lucessolares","1699707728526399_2325795784824289","2026-09-03T02:30:21+0000","No sirven las luces let no duran tanto tiempo","","","","descartado","aplazado_por_limite","",""
"120250783606920189","lucessolares","1699707728526399_1060797420205594","2026-09-03T13:18:57+0000","Cuánto cuesta?","","","","descartado","aplazado_por_limite","",""
"120250783606920189","lucessolares","1699707728526399_4464654537120826","2026-08-23T03:47:37+0000","Me interesa costo","","","","descartado","aplazado_por_limite","",""
"120250783606920189","lucessolares","1699707728526399_1471844234990744","2026-08-31T22:02:45+0000","Hola precio xfa","","","","descartado","aplazado_por_limite","",""
"120250783606920189","lucessolares","1699707728526399_1045775618324560","2026-09-03T02:05:41+0000","costo de las lámparas","","","","descartado","aplazado_por_limite","",""
"120250783606920189","lucessolares","1699707728526399_1724996052114734","2026-09-06T06:54:19+0000","Q precio tiene y cuántas son?","","","","descartado","aplazado_por_limite","",""
"120250783606920189","lucessolares","1699707728526399_956266133399230","2026-09-06T02:06:57+0000","Precio primero","","","","descartado","aplazado_por_limite","",""
"120250783606920189","lucessolares","1699707728526399_2248977242534921","2026-08-24T00:23:14+0000","Informes","","","","descartado","aplazado_por_limite","",""
"120250783606920189","lucessolares","1699707728526399_2303800917067046","2026-08-31T23:36:20+0000","Que costo tienen porfa","","","","descartado","aplazado_por_limite","",""
"120250783606920189","lucessolares","1699707728526399_918593854168500","2026-08-30T06:32:27+0000","Donde se encuentran","","","","descartado","aplazado_por_limite","",""
"120250783606920189","lucessolares","1699707728526399_2023945408251611","2026-08-30T16:12:03+0000","XQ NO DAN EL. PRECIO","","","","descartado","aplazado_por_limite","",""
"120250783606920189","lucessolares","1699707728526399_1094544363257284","2026-08-23T02:09:09+0000","Me interesan  y el presio","","","","descartado","aplazado_por_limite","",""
"120250783606920189","lucessolares","1699707728526399_1082668374719428","2026-08-22T16:55:54+0000","Información","","","","descartado","aplazado_por_limite","",""
"120250783606920189","lucessolares","1699707728526399_27593439153669148","2026-09-02T12:22:27+0000","De casualidad a alguien ya le dieron precio???","","","","descartado","aplazado_por_limite","",""
"120250783606920189","lucessolares","1699707728526399_1581262096743763","2026-08-20T20:57:32+0000","PRECIO Y DONDE LOS PUEDO OBTENER DISCULPE","","","","descartado","aplazado_por_limite","",""
"120250783606920189","lucessolares","1699707728526399_1063650713262189","2026-09-03T12:57:20+0000","Presio y como se paga","","","","descartado","aplazado_por_limite","",""
"120250783606920189","lucessolares","1699707728526399_2111029322823084","2026-08-31T22:27:57+0000","$? Por favor","","","","descartado","aplazado_por_limite","",""
"120250783606920189","lucessolares","1699707728526399_1061645916456848","2026-08-22T23:24:48+0000","Ni duran nada","","","","descartado","aplazado_por_limite","",""
"120250783606920189","lucessolares","1699707728526399_1543341613650496","2026-08-29T23:53:18+0000","Y la lluvia no. Los daña?","","","","descartado","aplazado_por_limite","",""
"120250783606920189","lucessolares","1699707728526399_1620753203053502","2026-09-03T03:06:09+0000","Aguantan  la lluvia??¿","","","","descartado","aplazado_por_limite","",""
"120250783606920189","lucessolares","1699707728526399_1066302049117323","2026-08-23T21:04:20+0000","Precio por favor gracias","","","","descartado","aplazado_por_limite","",""
"120250783606920189","lucessolares","1699707728526399_2745870302474632","2026-08-23T00:13:17+0000","Y cuando está nublado no alumbran y otra pregunta son a prueba de agua.digo por la lluvia...??","","","","descartado","aplazado_por_limite","",""
"120250783606920189","lucessolares","1699707728526399_1460975609422822","2026-09-03T02:07:22+0000","Horribles!!","","","","descartado","aplazado_por_limite","",""
"120250783606920189","lucessolares","1699707728526399_902828339176105","2026-08-24T16:58:05+0000","QUÉ BONITAS Y PRÁCTICAS.  PRECIO","","","","descartado","aplazado_por_limite","",""
"120250783606920189","lucessolares","1699707728526399_1025190663897848","2026-09-03T15:06:48+0000","LASTIMA QUE NO DICEN EL PRECIO.. ES UN COMERCIAL MUY INCOMPLETO. REPETITIVO.FALTAN LOS DATOS PRINCIPALES","","","","descartado","aplazado_por_limite","",""
"120250783606920189","lucessolares","1699707728526399_1596826108608774","2026-09-05T21:41:48+0000","Cómo dice la presidenta: en días nublados no funcionan jajajaja","","","","descartado","aplazado_por_limite","",""
"120250783606920189","lucessolares","1699707728526399_1915987156034605","2026-08-19T14:43:10+0000","Que precio x unidad??","","","","descartado","aplazado_por_limite","",""
"120250783606920189","lucessolares","1699707728526399_2056045425304068","2026-08-19T14:11:16+0000","Costo","","","","descartado","aplazado_por_limite","",""
"120250783606920189","lucessolares","1699707728526399_1586500523185235","2026-09-04T04:38:55+0000","Cómo los puedo adquirir","","","","descartado","aplazado_por_limite","",""
"120250783606920189","lucessolares","1699707728526399_37844525528525035","2026-08-27T13:28:16+0000","Yo quiero","","","","descartado","aplazado_por_limite","",""
"120250783606920189","lucessolares","1699707728526399_2611567172620790","2026-08-30T18:24:57+0000","Tiene envíos a sonora","","","","descartado","aplazado_por_limite","",""
"120250783606920189","lucessolares","1699707728526399_1053635077261530","2026-08-23T18:55:23+0000","Precio x fabor","","","","descartado","aplazado_por_limite","",""
"120250783606920189","lucessolares","1699707728526399_1582472706702569","2026-08-22T20:12:52+0000","cuáles.supresio","","","","descartado","aplazado_por_limite","",""
"120250783606920189","lucessolares","1699707728526399_1457860692846951","2026-08-19T17:19:38+0000","Precio","","","","descartado","aplazado_por_limite","",""
"120250783606920189","lucessolares","1699707728526399_1574268664483240","2026-09-01T21:23:48+0000","Precio porfa","","","","descartado","aplazado_por_limite","",""
"120250783606920189","lucessolares","1699707728526399_1071568315367823","2026-08-22T16:41:28+0000","Wuuuuuuau Q. Bien","","","","descartado","aplazado_por_limite","",""
"120250783606920189","lucessolares","1699707728526399_1561843175488609","2026-08-22T00:30:05+0000","Como le ago para comprar","","","","descartado","aplazado_por_limite","",""
"120250783606920189","lucessolares","1699707728526399_1626498455672654","2026-08-30T22:44:44+0000","Quiero.precios y diseños","","","","descartado","aplazado_por_limite","",""
"120250783606920189","lucessolares","1699707728526399_1680332766372758","2026-08-24T10:58:40+0000","Dame precio dónde las compro","","","","descartado","aplazado_por_limite","",""
"120250783606920189","lucessolares","1699707728526399_1819859112331546","2026-08-30T02:04:40+0000","Vas a contestarle a las personas o cómo le hacemos?...","","","","descartado","aplazado_por_limite","",""
"120250783606920189","lucessolares","1699707728526399_1619810046231861","2026-08-26T21:51:48+0000","Precio xfavor","","","","descartado","aplazado_por_limite","",""
"120250783606920189","lucessolares","1699707728526399_1390675212432023","2026-09-04T23:06:02+0000","👀","","","","descartado","sin_texto","",""
"120250783606920189","lucessolares","1699707728526399_1273093451557006","2026-08-30T15:35:45+0000","¿Acaso soy pendejo para comprar sin saber el precio?","","","","descartado","aplazado_por_limite","",""
"120250783606920189","lucessolares","1699707728526399_1549979503034542","2026-09-06T00:33:37+0000","Precio","","","","descartado","aplazado_por_limite","",""
"120250783606920189","lucessolares","1699707728526399_1043790548630821","2026-09-04T18:11:49+0000","Precio por favor","","","","descartado","aplazado_por_limite","",""
"120250783606920189","lucessolares","1699707728526399_1046432041527659","2026-09-02T17:20:35+0000","Precio","","","","descartado","aplazado_por_limite","",""
"120250783606920189","lucessolares","1699707728526399_1785122302829306","2026-09-01T01:59:49+0000","Precio","","","","descartado","aplazado_por_limite","",""
"120250783606920189","lucessolares","1699707728526399_1717146882880713","2026-08-31T15:50:35+0000","Precio","","","","descartado","aplazado_por_limite","",""
"120250783606920189","lucessolares","1699707728526399_1571741431360476","2026-08-26T01:05:07+0000","Precio","","","","descartado","aplazado_por_limite","",""
"120250783606920189","lucessolares","1699707728526399_1756856805638470","2026-08-25T21:08:33+0000","Precio","","","","descartado","aplazado_por_limite","",""
"120250783606920189","lucessolares","1699707728526399_27699146466451367","2026-08-24T14:24:35+0000","Información","","","","descartado","aplazado_por_limite","",""
"120250783606920189","lucessolares","1699707728526399_3057251734614534","2026-08-24T00:36:42+0000","Cual es el precio???","","","","descartado","aplazado_por_limite","",""
"120250783606920189","lucessolares","1699707728526399_1574612974146057","2026-08-23T00:35:32+0000","Costo","","","","descartado","aplazado_por_limite","",""
"120250783606920189","lucessolares","1699707728526399_1633223368164704","2026-09-06T06:32:46+0000","Precio por favor.  Gracias.","","","","descartado","aplazado_por_limite","",""
"120250783606920189","lucessolares","1699707728526399_4718366271769952","2026-08-27T03:14:41+0000","Precio?","","","","descartado","aplazado_por_limite","",""
"120250783606920189","lucessolares","1699707728526399_1028915763289525","2026-08-26T02:11:36+0000","Precio","","","","descartado","aplazado_por_limite","",""
"120250783606920189","lucessolares","1699707728526399_3192532827608127","2026-08-25T05:06:11+0000","Precio??","","","","descartado","aplazado_por_limite","",""
"120250783606920189","lucessolares","1699707728526399_1710493750434955","2026-08-24T04:31:42+0000","Precio","","","","descartado","aplazado_por_limite","",""
"120250783606920189","lucessolares","1699707728526399_2871684123231475","2026-08-24T02:39:53+0000","Que precio por favor","","","","descartado","aplazado_por_limite","",""
"120250783606920189","lucessolares","1699707728526399_1282044683936644","2026-08-23T17:22:42+0000","Precio","","","","descartado","aplazado_por_limite","",""
"120250783606920189","lucessolares","1699707728526399_2113022675955597","2026-08-22T17:25:29+0000","Precio","","","","descartado","aplazado_por_limite","",""
"120250783606920189","lucessolares","1699707728526399_1370659761386080","2026-09-05T23:05:27+0000","Precio","","","","descartado","aplazado_por_limite","",""
"120250783606920189","lucessolares","1699707728526399_1833674621333410","2026-09-01T19:52:40+0000","Precio","","","","descartado","aplazado_por_limite","",""
"120250783606920189","lucessolares","1699707728526399_2012572882724933","2026-08-31T23:05:13+0000","Precio","","","","descartado","aplazado_por_limite","",""
"120250783606920189","lucessolares","1699707728526399_2341374622936266","2026-08-25T15:37:05+0000","Precio","","","","descartado","aplazado_por_limite","",""
"120250783606920189","lucessolares","1699707728526399_908387421955330","2026-08-31T16:18:50+0000","Precio","","","","descartado","aplazado_por_limite","",""
"120250783606920189","lucessolares","1699707728526399_1205963571735211","2026-08-29T18:52:08+0000","Precio por favor gracias","","","","descartado","aplazado_por_limite","",""
"120250783606920189","lucessolares","1699707728526399_1776785970302865","2026-09-03T02:26:18+0000","Precio por favor gracias","","","","descartado","aplazado_por_limite","",""
"120250783606920189","lucessolares","1699707728526399_28011784831816602","2026-09-02T20:40:11+0000","Precio por favor","","","","descartado","aplazado_por_limite","",""
"120250783606920189","lucessolares","1699707728526399_1630398761920531","2026-09-02T16:16:59+0000","Precio por favor","","","","descartado","aplazado_por_limite","",""
"120250783606920189","lucessolares","1699707728526399_1082091867536863","2026-09-02T09:05:47+0000","Precio por favor gracias","","","","descartado","aplazado_por_limite","",""
"120250783606920189","lucessolares","1699707728526399_1107325758521678","2026-08-30T21:18:51+0000","Precio por favor","","","","descartado","aplazado_por_limite","",""
"120250783606920189","lucessolares","1699707728526399_1610117797398740","2026-08-26T21:02:11+0000","Precio por favor gracias y dónde adquirirlas?","","","","descartado","aplazado_por_limite","",""
"120250783606920189","lucessolares","1699707728526399_1434747875133207","2026-08-20T15:00:05+0000","Precio","","","","descartado","aplazado_por_limite","",""
"120250783606920189","lucessolares","1699707728526399_1247402214146043","2026-08-20T14:40:23+0000","Costo","","","","descartado","aplazado_por_limite","",""
"120250783606920189","lucessolares","1699707728526399_864679756612023","2026-09-04T19:00:44+0000","Informacion por favor","","","","descartado","aplazado_por_limite","",""
"120250783606920189","lucessolares","1699707728526399_1087159823671107","2026-09-03T01:18:25+0000","Info","","","","descartado","aplazado_por_limite","",""
"120250783606920189","lucessolares","1699707728526399_1077031835069634","2026-08-31T15:30:18+0000","Quieren vender y no ponen precio","","","","descartado","aplazado_por_limite","",""
"120250783606920189","lucessolares","1699707728526399_1605520574504574","2026-08-29T23:53:38+0000","Kiero  muchas... Kosto?","","","","descartado","aplazado_por_limite","",""
"120250783606920189","lucessolares","1699707728526399_2258287764982479","2026-08-25T18:52:17+0000","HICE PEDIDO Y   nada  nada   pecesito","","","","descartado","aplazado_por_limite","",""
"120251010007180189","glowbrush","1656915486138957_1547940717135583","2026-08-17T16:17:44+0000","Lo pedí y no llegó","","","","descartado","ya_respondido","",""
"120251010007180189","glowbrush","1656915486138957_1382105567165985","2026-07-25T14:32:06+0000","Informes y costo x fa","","","","descartado","ya_respondido","",""
"120251010007180189","glowbrush","1656915486138957_2472340063240286","2026-07-25T02:41:04+0000","Lo quiero","","","","descartado","ya_respondido","",""
"120251010007180189","glowbrush","1656915486138957_1570098461495901","2026-07-23T15:15:30+0000","Quiero uno","","","","descartado","ya_respondido","",""
"120251010007180189","glowbrush","1656915486138957_1788124859290427","2026-07-23T14:28:58+0000","Lo quiero.","","","","descartado","ya_respondido","",""
"120251010007180189","glowbrush","1656915486138957_1518529703355447","2026-07-22T18:45:17+0000","$","","","","descartado","demasiado_corto","",""
"120251010007180189","glowbrush","1656915486138957_1586995639475805","2026-07-22T17:02:10+0000","Precio X favor","","","","descartado","ya_respondido","",""
"120251010007180189","glowbrush","1656915486138957_2079605815985423","2026-07-22T14:07:35+0000","Precio y ubicación","","","","descartado","ya_respondido","",""
"120251010007180189","glowbrush","1656915486138957_1070513268810769","2026-07-22T02:44:04+0000","Yo lo quiero","otro","es","","no_publica","clase_otro","",""
"120251010007180189","glowbrush","1656915486138957_956480060779913","2026-07-20T04:49:24+0000","No me gustó para mí no es lo que dicen","","","","descartado","ya_respondido","",""
"120251010007180189","glowbrush","1656915486138957_936870532765430","2026-07-20T01:38:13+0000","Precio","","","","descartado","ya_respondido","",""
"120251010007180189","glowbrush","1656915486138957_1719128065907199","2026-07-19T14:34:03+0000","Buenos días, precio por favor","","","","descartado","ya_respondido","",""
"120251010007180189","glowbrush","1656915486138957_1941735179825612","2026-07-19T14:27:57+0000","Yo lo encargo y me llegó bien empacadito pero que creen no sirvió no funciona si entra la carga pero no prende así que si se quieren arriesgar encargue lo XqUe yo ya no vuelvo a comprar a ciegas es mejor ver y que si funcione","","","","descartado","ya_respondido","",""
"120251010007180189","glowbrush","1656915486138957_1188898920085259","2026-07-18T16:37:46+0000","La pedí y no me ha llegado","","","","descartado","ya_respondido","",""
"120251010007180189","glowbrush","1656915486138957_3182035648673033","2026-07-18T13:02:52+0000","Precio x fabor y como lo puedo pedir","","","","descartado","ya_respondido","",""
"120251010007180189","glowbrush","1656915486138957_1547708476811509","2026-07-18T13:01:03+0000","Donde lo puedo conseguir","","","","descartado","ya_respondido","",""
"120251010007180189","glowbrush","1656915486138957_1362338289424717","2026-07-16T19:26:13+0000","Precio por favor amén","","","","descartado","ya_respondido","",""
"120251010007180189","glowbrush","1656915486138957_2313364542824502","2026-07-16T18:05:56+0000","Yo kiero uno","","","","descartado","ya_respondido","",""
"120251010007180189","glowbrush","1656915486138957_1708417190364091","2026-07-16T12:07:44+0000","Precio por  favor","","","","descartado","ya_respondido","",""
"120251010007180189","glowbrush","1656915486138957_1043176874836535","2026-07-15T23:34:10+0000","Adyyyyyy mira","otro","es","","no_publica","clase_otro","",""
"120251010007180189","glowbrush","1656915486138957_1561781142000978","2026-07-15T14:10:36+0000","Precio se puede pagar al recibir","","","","descartado","ya_respondido","",""
"120251010007180189","glowbrush","1656915486138957_1416568503627055","2026-07-13T13:50:12+0000","Precio por favor?","","","","descartado","ya_respondido","",""
"120251010007180189","glowbrush","1656915486138957_1577456563723435","2026-07-13T13:14:00+0000","Precio por favor y ubicación me interesa gracias 👍","","","","descartado","ya_respondido","",""
"120251010007180189","glowbrush","1656915486138957_1562978055442242","2026-07-13T02:37:07+0000","Precio","","","","descartado","ya_respondido","",""
"120251010007180189","glowbrush","1656915486138957_905269445254756","2026-07-12T19:44:53+0000","Por favor cual es el precio?","","","","descartado","ya_respondido","",""
"120251010007180189","glowbrush","1656915486138957_1585181306572804","2026-07-12T17:15:39+0000","Precio por favor","","","","descartado","ya_respondido","",""
"120251010007180189","glowbrush","1656915486138957_1042698962042001","2026-07-12T17:03:49+0000","Información","","","","descartado","ya_respondido","",""
"120251010007180189","glowbrush","1656915486138957_2976168449258592","2026-07-12T15:10:27+0000","Precio x favor","","","","descartado","ya_respondido","",""
"120251010007180189","glowbrush","1656915486138957_36807645985548534","2026-07-12T14:33:45+0000","Buenos días, precio por favor, se puede pagar al recibir","","","","descartado","ya_respondido","",""
"120251010007180189","glowbrush","1656915486138957_1370556365037550","2026-07-12T06:03:01+0000","Precio","","","","descartado","ya_respondido","",""
"120251010007180189","glowbrush","1656915486138957_1717716152713817","2026-07-12T02:20:01+0000","Precio por favor","","","","descartado","ya_respondido","",""
"120251010007180189","glowbrush","1656915486138957_1351219603090046","2026-07-11T20:20:22+0000","Quiero uno","","","","descartado","ya_respondido","",""
"120251010007180189","glowbrush","1656915486138957_2117967902123892","2026-07-10T21:01:44+0000","Precio","","","","descartado","ya_respondido","",""
"120251010007180189","glowbrush","1656915486138957_2136310836929160","2026-07-09T23:20:10+0000","Precio","","","","descartado","ya_respondido","",""
"120251010007180189","glowbrush","1656915486138957_1080336054669260","2026-07-09T15:23:46+0000","Precio","","","","descartado","ya_respondido","",""
"120251010007180189","glowbrush","1656915486138957_1767159514438994","2026-07-09T07:22:28+0000","Precio para comprar","","","","descartado","ya_respondido","",""
"120251010007180189","glowbrush","1656915486138957_2226342654828633","2026-07-09T01:52:08+0000","compartan el precio","","","","descartado","ya_respondido","",""
"120251010007180189","glowbrush","1656915486138957_1051090894164548","2026-07-07T22:00:28+0000","Precio para poder comprarlo gracias","","","","descartado","ya_respondido","",""
"120251010007180189","glowbrush","1656915486138957_1715327386274057","2026-07-07T20:28:37+0000","Alguien que ya lo haya probado","","","","descartado","ya_respondido","",""
"120251010007180189","glowbrush","1656915486138957_1535677398007335","2026-07-07T16:12:10+0000","Precio por favor","","","","descartado","ya_respondido","",""
"120251010007180189","glowbrush","1656915486138957_956588987395628","2026-07-07T12:03:53+0000","Precio por xfas","","","","descartado","ya_respondido","",""
"120251010007180189","glowbrush","1656915486138957_1551087929906341","2026-07-06T02:24:32+0000","Cros brou closch","otro","otro","","no_publica","clase_otro","",""
"120251010007180189","glowbrush","1656915486138957_1026353983246727","2026-07-06T00:30:37+0000","Precio??","","","","descartado","ya_respondido","",""
"120251010007180189","glowbrush","1656915486138957_1228664755964871","2026-07-05T22:26:00+0000","El precio xfa","","","","descartado","ya_respondido","",""
"120251010007180189","glowbrush","1656915486138957_2146840125891787","2026-07-05T20:54:22+0000","Quiero uno","","","","descartado","ya_respondido","",""
"120251010007180189","glowbrush","1656915486138957_1358118019591627","2026-07-04T18:26:36+0000","Precio","","","","descartado","ya_respondido","",""
"120251010007180189","glowbrush","1656915486138957_2407051716455186","2026-07-04T12:06:30+0000","Precio","","","","descartado","ya_respondido","",""
"120251010007180189","glowbrush","1656915486138957_1912738102743983","2026-07-03T16:35:32+0000","Precio?","","","","descartado","ya_respondido","",""
"120251010007180189","glowbrush","1656915486138957_1336460158599556","2026-07-03T12:04:08+0000","Precio","","","","descartado","ya_respondido","",""
"120251010007180189","glowbrush","1656915486138957_1676124733642624","2026-07-02T15:08:39+0000","Que temperatura maneja. Porque no todos los cabellos. Son iguales","","","","descartado","ya_respondido","",""
"120251010007180189","glowbrush","1656915486138957_1538846367773351","2026-07-02T02:09:43+0000","No quiere funcionar , ya lo compre y no calienta  ayuda!!!!","","","","descartado","ya_respondido","",""
"120251010007180189","glowbrush","1656915486138957_1520460318971065","2026-07-01T19:38:49+0000","Alguien lo a utilizado?","otro","es","","no_publica","clase_otro","",""
"120251010007180189","glowbrush","1656915486138957_842012982324505","2026-07-01T11:36:08+0000","Quiero uno","","","","descartado","ya_respondido","",""
"120251010007180189","glowbrush","1656915486138957_2119979518549335","2026-08-01T04:01:40+0000","Yo necesito uno vosto","otro","es","","no_publica","clase_otro","",""
"120251010007180189","glowbrush","1656915486138957_1464564405391465","2026-07-29T02:17:38+0000","Yo quiero uno lo pedí y nunca me llegó a ver si esta vez tenga suerte","","","","descartado","aplazado_por_limite","",""
"120251010007180189","glowbrush","1656915486138957_1070195205457083","2026-08-02T05:46:27+0000","Viene un WhatsApp para precios","","","","descartado","aplazado_por_limite","",""
"120251010007180189","glowbrush","1656915486138957_1040434948778037","2026-08-04T18:54:20+0000","No lo alacia como en el vídeo, creo que hice una mala compra... Es mentira lo del vídeo","","","","descartado","aplazado_por_limite","",""
"120251010007180189","glowbrush","1656915486138957_2586794051757760","2026-08-13T16:39:26+0000","Alguien que de testimonio de su función","","","","descartado","aplazado_por_limite","",""
"120251010007180189","glowbrush","1656915486138957_1398139235538305","2026-08-01T14:29:49+0000","Me interesa informacion","","","","descartado","aplazado_por_limite","",""
"120251010007180189","glowbrush","1656915486138957_1705390367240273","2026-09-06T02:50:04+0000","Dónde lo compro y precio","","","","descartado","aplazado_por_limite","",""
"120251010007180189","glowbrush","1656915486138957_2080409486203442","2026-07-26T21:35:28+0000","Quiero uno qué precio tiene","","","","descartado","aplazado_por_limite","",""
"120251010007180189","glowbrush","1656915486138957_1680365576594598","2026-08-10T17:59:43+0000","Y en pelo Chino también funciona?","","","","descartado","aplazado_por_limite","",""
"120251010007180189","glowbrush","1656915486138957_1719737762633820","2026-08-09T04:52:13+0000","Está  CARICIMO","","","","descartado","aplazado_por_limite","",""
"120251010007180189","glowbrush","1656915486138957_2031210140863332","2026-07-28T16:38:02+0000","En dónde se encuentra","","","","descartado","aplazado_por_limite","",""
"120251010007180189","glowbrush","1656915486138957_1564736278523101","2026-08-08T02:47:35+0000","Presio","","","","descartado","aplazado_por_limite","",""
"120251010007180189","glowbrush","1656915486138957_1465053305382147","2026-08-03T14:48:06+0000","Dónde lo consigo","","","","descartado","aplazado_por_limite","",""
"120251010007180189","glowbrush","1656915486138957_987839940948300","2026-08-03T16:03:30+0000","Dónde lo venden y precio","","","","descartado","aplazado_por_limite","",""
"120251010007180189","glowbrush","1656915486138957_922577967541368","2026-07-27T20:24:24+0000","Cuanto es su costo? Por favor.","","","","descartado","aplazado_por_limite","",""
"120251010007180189","glowbrush","1656915486138957_1034999805589955","2026-07-27T00:51:34+0000","Solo será para cabello corto?","","","","descartado","aplazado_por_limite","",""
"120251010007180189","glowbrush","1656915486138957_1515282260353189","2026-08-10T17:46:25+0000","Dónde se localiza y qué cuesta.","","","","descartado","aplazado_por_limite","",""
"120251010007180189","glowbrush","1656915486138957_1049244711320203","2026-09-05T19:09:50+0000","Precio xfavor","","","","descartado","aplazado_por_limite","",""
"120251010007180189","glowbrush","1656915486138957_1342085108111833","2026-07-28T01:41:15+0000","Cuánto cuesta","","","","descartado","aplazado_por_limite","",""
"120251010007180189","glowbrush","1656915486138957_27109667462042857","2026-09-05T16:12:56+0000","Y dónde lo venden no m agrada x línea,","","","","descartado","aplazado_por_limite","",""
"120251010007180189","glowbrush","1656915486138957_1072582288456322","2026-08-03T13:40:23+0000","Iinformes","","","","descartado","aplazado_por_limite","",""
"120251010007180189","glowbrush","1656915486138957_2079247729384973","2026-08-09T18:26:20+0000","Excelente","","","","descartado","aplazado_por_limite","",""
"120251010007180189","glowbrush","1656915486138957_1062234836244703","2026-08-01T17:34:35+0000","Amén  Jesus 🙏🙏🙏","","","","descartado","aplazado_por_limite","",""
"120251010007180189","glowbrush","1656915486138957_1732927038013833","2026-07-31T13:55:58+0000","Dónde lo venden precio lo kiero","","","","descartado","aplazado_por_limite","",""
"120251010007180189","glowbrush","1656915486138957_1767020664431818","2026-08-17T00:36:10+0000","Nadie lo recomienda?  Porque?","","","","descartado","aplazado_por_limite","",""
"120251010007180189","glowbrush","1656915486138957_1045071654917182","2026-08-06T13:12:02+0000","Precio xfa","","","","descartado","aplazado_por_limite","",""
"120251010007180189","glowbrush","1656915486138957_1084381500831799","2026-08-02T02:01:25+0000","Precio","","","","descartado","aplazado_por_limite","",""
"120251010007180189","glowbrush","1656915486138957_1512859257283369","2026-07-28T12:24:19+0000","precio","","","","descartado","aplazado_por_limite","",""
"120251010007180189","glowbrush","1656915486138957_27198615423145528","2026-08-14T09:21:37+0000","Precio","","","","descartado","aplazado_por_limite","",""
"120251010007180189","glowbrush","1656915486138957_1704896387430719","2026-07-30T16:48:53+0000","Información","","","","descartado","aplazado_por_limite","",""
"120251010007180189","glowbrush","1656915486138957_1690142568950745","2026-08-07T18:30:20+0000","Quiero uno","","","","descartado","aplazado_por_limite","",""
"120251010007180189","glowbrush","1656915486138957_4145056655793162","2026-07-29T00:36:00+0000","Precio por favor","","","","descartado","aplazado_por_limite","",""
"120251010007180189","glowbrush","1656915486138957_1380876104170145","2026-08-17T15:23:43+0000","Ok lovquiero","","","","descartado","aplazado_por_limite","",""
"120251010007180189","glowbrush","1656915486138957_1551348729208583","2026-08-07T21:44:39+0000","Informacion","","","","descartado","aplazado_por_limite","",""
"120251010007180189","glowbrush","1656915486138957_27959686410387227","2026-08-03T14:40:11+0000","Precio x favor donde lo puedo encargar","","","","descartado","aplazado_por_limite","",""
"120251010007180189","glowbrush","1656915486138957_4423747787840484","2026-08-02T23:56:39+0000","Precio x favor ?  Y forma de pago ?","","","","descartado","aplazado_por_limite","",""
"120251010007180189","glowbrush","1656915486138957_1049798657853344","2026-08-02T01:27:55+0000","Qué precio tiene y donde lo venden.","","","","descartado","aplazado_por_limite","",""
"120251010007180189","glowbrush","1656915486138957_2102058737324838","2026-07-26T23:55:10+0000","Quiero uno q precio","","","","descartado","aplazado_por_limite","",""
"120251010007180189","glowbrush","1656915486138957_1692845918444717","2026-09-06T02:52:16+0000","Gobrushpro","","","","descartado","aplazado_por_limite","",""
"120251010007180189","glowbrush","1656915486138957_1099593532756607","2026-09-06T01:38:38+0000","Precio por favor","","","","descartado","aplazado_por_limite","",""
"120251010007180189","glowbrush","1656915486138957_1423333909721073","2026-09-05T20:47:39+0000","Precio","","","","descartado","aplazado_por_limite","",""
"120251010007180189","glowbrush","1656915486138957_1761981874842845","2026-08-17T00:37:13+0000","Todo mundo dice  lo quiero....lo quiero...lo quiero pero quien lo recomienda?","","","","descartado","ya_respondido","",""
"120251010007180189","glowbrush","1656915486138957_2864809070553279","2026-08-16T05:28:43+0000","A mi me bloquearon","","","","descartado","aplazado_por_limite","",""
"120251010007180189","glowbrush","1656915486138957_4007273716245547","2026-08-05T00:25:09+0000","Precio","","","","descartado","aplazado_por_limite","",""
"120251010007180189","glowbrush","1656915486138957_1347751946939766","2026-07-27T03:49:16+0000","Precio x favor","","","","descartado","aplazado_por_limite","",""
"120251010007180189","glowbrush","1656915486138957_1288841483131406","2026-07-26T05:18:23+0000","Precio x favor","","","","descartado","aplazado_por_limite","",""
"120251010007180189","glowbrush","1656915486138957_1033265692772867","2026-07-25T15:41:44+0000","Yo lo quiero precio x favor","","","","descartado","aplazado_por_limite","",""
"120251010007200189","glowbrush","1651317746698731_1061028469833788","2026-07-23T13:09:39+0000","No lo compren no sirve y solo van a gastar su dinero en vano","","","","descartado","ya_respondido","",""
"120251010007200189","glowbrush","1651317746698731_1555558039305663","2026-07-23T02:38:31+0000","JAJAJA  NO  SIRVE  PARA  NADA!!! ESTAFADORES!!!!","","","","descartado","ya_respondido","",""
"120251010007200189","glowbrush","1651317746698731_1306689318331619","2026-07-22T13:37:31+0000","Precio me interesa en donde lo consigo","","","","descartado","ya_respondido","",""
"120251010007200189","glowbrush","1651317746698731_1362767822726874","2026-07-21T20:11:26+0000","Que precio tiene","","","","descartado","ya_respondido","",""
"120251010007200189","glowbrush","1651317746698731_963973793351689","2026-07-21T02:04:06+0000","Hola q precio tiene","","","","descartado","ya_respondido","",""
"120251010007200189","glowbrush","1651317746698731_914781301638418","2026-07-19T17:46:41+0000","Desgraciada mente yo no tengo que decir nada bueno de ese cepillo lo encargue y me llegó bien empacado y que creen no sirvió yo dije será que le falta que lo cargue y lo puce a cargar si si agarra la carga pero no funciona ciento mucho en tener que decir esto pero para que no inviertan y lo tengan en que no sirve no es caro no e costo 265 pesos mexicanos ya con envío  esa es mi triste experiencia en comprar algo sin ver qué compro","","","","descartado","ya_respondido","",""
"120251010007200189","glowbrush","1651317746698731_1594187305404371","2026-07-19T16:05:07+0000","Precio por favor me interesa","","","","descartado","ya_respondido","",""
"120251010007200189","glowbrush","1651317746698731_1694176418482974","2026-07-18T03:18:41+0000","Que precio tiene","","","","descartado","ya_respondido","",""
"120251010007200189","glowbrush","1651317746698731_1357861419613935","2026-07-17T00:19:44+0000","Precio","","","","descartado","ya_respondido","",""
"120251010007200189","glowbrush","1651317746698731_1542562423637437","2026-07-16T18:28:36+0000","Precio x favor","","","","descartado","ya_respondido","",""
"120251010007200189","glowbrush","1651317746698731_1008135861847512","2026-07-16T15:54:05+0000","Dónde lo venden precio por favor me interesa","","","","descartado","ya_respondido","",""
"120251010007200189","glowbrush","1651317746698731_1240096781467597","2026-07-14T04:30:27+0000","Hola. Q precio tiene p fa","","","","descartado","ya_respondido","",""
"120251010007200189","glowbrush","1651317746698731_897558729447895","2026-07-12T18:47:42+0000","Precio y dónde lo compro??","","","","descartado","ya_respondido","",""
"120251010007200189","glowbrush","1651317746698731_1590177215858354","2026-07-08T22:30:21+0000","Precio","","","","descartado","ya_respondido","",""
"120251010007200189","glowbrush","1651317746698731_1044843888232973","2026-07-08T20:33:03+0000","Cómo lo adquiero si no ponen el precio","","","","descartado","ya_respondido","",""
"120251010007200189","glowbrush","1651317746698731_894629253670337","2026-07-07T16:34:36+0000","Precio x favor","","","","descartado","ya_respondido","",""
"120251010007200189","glowbrush","1651317746698731_1017642041189546","2026-07-07T16:19:04+0000","Precio por favor","","","","descartado","ya_respondido","",""
"120251010007200189","glowbrush","1651317746698731_1732018824468381","2026-07-07T05:50:16+0000","Son mentiras yo tmb no me sirvió nada 😓😡","","","","descartado","ya_respondido","",""
"120251010007200189","glowbrush","1651317746698731_2131639704068751","2026-07-07T02:59:50+0000","Mentira.  No sirve","","","","descartado","ya_respondido","",""
"120251010007200189","glowbrush","1651317746698731_1364812862383831","2026-07-06T16:24:32+0000","Precio","","","","descartado","ya_respondido","",""
"120251010007200189","glowbrush","1651317746698731_2466180037138707","2026-07-05T01:24:24+0000","Costoporfa","","","","descartado","ya_respondido","",""
"120251010007200189","glowbrush","1651317746698731_967145489780110","2026-07-04T20:22:46+0000","Que precio tiene, gracias","","","","descartado","ya_respondido","",""
"120251010007200189","glowbrush","1651317746698731_882496818260883","2026-07-04T19:07:55+0000","Que precio tiene","precio","es","","publica","","¡Hola! Te damos toda la información por WhatsApp para atenderte mejor 👉 https://wa.me/5214423621753?text=Hola%2C%20me%20interesa%20cepillo",""
"120251010007200189","glowbrush","1651317746698731_1333369735446035","2026-07-03T21:59:12+0000","Se puede peinar con el cabello mojado","","","","descartado","ya_respondido","",""
"120251010007200189","glowbrush","1651317746698731_27525907380383089","2026-07-03T16:03:20+0000","precio","","","","descartado","ya_respondido","",""
"120251010007200189","glowbrush","1651317746698731_1660847941842189","2026-07-03T13:45:48+0000","Que  precio tiene","","","","descartado","ya_respondido","",""
"120251010007200189","glowbrush","1651317746698731_1027485830237892","2026-07-02T19:13:34+0000","K precio","","","","descartado","ya_respondido","",""
"120251010007200189","glowbrush","1651317746698731_1400770492118318","2026-07-02T14:14:20+0000","Precio","","","","descartado","ya_respondido","",""
"120251010007200189","glowbrush","1651317746698731_1561702632017591","2026-07-01T19:06:43+0000","Precio","","","","descartado","ya_respondido","",""
"120251010007200189","glowbrush","1651317746698731_1730694257970870","2026-07-01T17:28:47+0000","Precio","","","","descartado","ya_respondido","",""
"120251010007200189","glowbrush","1651317746698731_1556254606226437","2026-07-01T03:43:11+0000","Si me lo van a enviar","precio","es","","publica","","¡Hola! Te damos toda la información por WhatsApp para atenderte mejor 👉 https://wa.me/5214423621753?text=Hola%2C%20me%20interesa%20cepillo",""
"120251010007200189","glowbrush","1651317746698731_1603278708096334","2026-06-30T22:52:55+0000","No sirven n los recomiendo no sirven y no tienen garantía son estafadores","","","","descartado","ya_respondido","",""
"120251010007200189","glowbrush","1651317746698731_1024926090487854","2026-06-30T05:26:02+0000","Precio","","","","descartado","ya_respondido","",""
"120251010007200189","glowbrush","1651317746698731_999206212959486","2026-06-29T16:05:35+0000","Precio","","","","descartado","ya_respondido","",""
"120251010007200189","glowbrush","1651317746698731_1304579818553508","2026-06-28T17:09:57+0000","Costo?","","","","descartado","ya_respondido","",""
"120251010007200189","glowbrush","1651317746698731_1064338456276078","2026-06-28T16:19:22+0000","Presio","","","","descartado","ya_respondido","",""
"120251010007200189","glowbrush","1651317746698731_2160237951498837","2026-06-27T18:38:34+0000","K cuesta el cepillo d peinar","","","","descartado","ya_respondido","",""
"120251010007200189","glowbrush","1651317746698731_2115202422680578","2026-06-27T05:01:51+0000","Precio","","","","descartado","ya_respondido","",""
"120251010007200189","glowbrush","1651317746698731_928432093619043","2026-06-27T03:55:50+0000","Precio?","","","","descartado","ya_respondido","",""
"120251010007200189","glowbrush","1651317746698731_877004508786606","2026-06-26T15:33:30+0000","Me da el precio","","","","descartado","ya_respondido","",""
"120251010007200189","glowbrush","1651317746698731_1369149125279489","2026-06-26T15:33:12+0000","Me intestino","","","","descartado","ya_respondido","",""
"120251010007200189","glowbrush","1651317746698731_913080258468067","2026-06-25T20:23:53+0000","Mentira yo lo encargué no plan cha como disnen ny si quiera calienta.  Bien","","","","descartado","ya_respondido","",""
"120251010007200189","glowbrush","1651317746698731_1555251412903220","2026-06-25T16:30:50+0000","Precio","","","","descartado","ya_respondido","",""
"120251010007200189","glowbrush","1651317746698731_1009742275121776","2026-06-25T14:03:56+0000","Dis culpe que pre cio tienen","","","","descartado","ya_respondido","",""
"120251010007200189","glowbrush","1651317746698731_1561674162255063","2026-06-25T07:31:00+0000","Precio","","","","descartado","ya_respondido","",""
"120251010007200189","glowbrush","1651317746698731_1254928709888362","2026-06-24T22:27:42+0000","El precio","","","","descartado","ya_respondido","",""
"120251010007200189","glowbrush","1651317746698731_1084877870726540","2026-09-05T18:43:30+0000","Cuánto $$$","precio","es","","publica","","¡Hola! Te damos toda la información por WhatsApp para atenderte mejor 👉 https://wa.me/5214423621753?text=Hola%2C%20me%20interesa%20cepillo",""
"120251010007200189","glowbrush","1651317746698731_2856867528012081","2026-07-30T20:31:46+0000","Alguien me puede ser sincera si les sirvió ?","duda_producto","es","","solo_aviso","duda_solo_aviso","",""
"120251010007200189","glowbrush","1651317746698731_1466567151902647","2026-08-01T11:14:42+0000","No funciona no selos recomiendo","queja","es","","solo_aviso","queja_solo_aviso","",""
"120251010007200189","glowbrush","1651317746698731_1446752520810864","2026-08-09T22:42:59+0000","No le queda ese peinado","","","","descartado","aplazado_por_limite","",""
"120251010007200189","glowbrush","1651317746698731_979894125100417","2026-08-04T16:16:45+0000","Alguien lo usado y le ha dado resultados r?????","","","","descartado","aplazado_por_limite","",""
"120251010007200189","glowbrush","1651317746698731_1047854528196670","2026-06-30T22:47:23+0000","El que me enviaron no sirvio","","","","descartado","aplazado_por_limite","",""
"120251010007200189","glowbrush","1651317746698731_1561793438721442","2026-08-06T02:31:09+0000","Mándeme su arpillo y si funciona bien. Se lo pago. Luego  no funciona.","","","","descartado","aplazado_por_limite","",""
"120251010007200189","glowbrush","1651317746698731_1359762705674043","2026-08-02T21:41:34+0000","Hola … sirve para cabello largo ?","","","","descartado","aplazado_por_limite","",""
"120251010007200189","glowbrush","1651317746698731_2146299799633343","2026-08-06T20:41:32+0000","Kiero uno xfa","","","","descartado","aplazado_por_limite","",""
"120251010007200189","glowbrush","1651317746698731_1412507687441188","2026-08-12T23:23:31+0000","K precio","","","","descartado","aplazado_por_limite","",""
"120251010007200189","glowbrush","1651317746698731_1050434967462168","2026-07-28T13:02:36+0000","Q precio tiene","","","","descartado","aplazado_por_limite","",""
"120251010007200189","glowbrush","1651317746698731_1575844804166100","2026-07-25T16:41:23+0000","Precio?","","","","descartado","aplazado_por_limite","",""
"120251010007200189","glowbrush","1651317746698731_1746537979923287","2026-08-08T19:03:59+0000","Precio x favor","","","","descartado","aplazado_por_limite","",""
"120251010007200189","glowbrush","1651317746698731_1793589815331573","2026-08-07T19:01:30+0000","Que precio tiene ?","","","","descartado","aplazado_por_limite","",""
"120251010007200189","glowbrush","1651317746698731_1622580716139353","2026-07-26T14:45:04+0000","Qué precio","","","","descartado","aplazado_por_limite","",""
"120251010007200189","glowbrush","1651317746698731_2525045301266182","2026-07-26T14:17:02+0000","Precio??","","","","descartado","aplazado_por_limite","",""
"120251010007200189","glowbrush","1651317746698731_1355999906111523","2026-08-08T04:13:40+0000","Publicidad","","","","descartado","aplazado_por_limite","",""
"120251010007200189","glowbrush","1651317746698731_2109201699637159","2026-07-27T15:15:31+0000","Hola precio xf","","","","descartado","aplazado_por_limite","",""
"120251010007200189","glowbrush","1651317746698731_2806407093067901","2026-08-17T03:59:02+0000","Kiero ese cepillo","","","","descartado","aplazado_por_limite","",""
"120251010007200189","glowbrush","1651317746698731_1746003833110599","2026-08-11T19:23:09+0000","CARICIMO","","","","descartado","aplazado_por_limite","",""
"120251010007200189","glowbrush","1651317746698731_1402959148361322","2026-08-08T22:44:37+0000","Kiero uno xfa","","","","descartado","aplazado_por_limite","",""
"120251010007200189","glowbrush","1651317746698731_2337784743667319","2026-08-07T15:58:59+0000","Qué precio tiene el cepillo","","","","descartado","aplazado_por_limite","",""
"120251010007200189","glowbrush","1651317746698731_2282546185848938","2026-08-01T11:15:38+0000","","","","","descartado","vacio","",""
"120251010007200189","glowbrush","1651317746698731_27154204607591663","2026-07-29T04:36:27+0000","Precio","","","","descartado","aplazado_por_limite","",""
"120251010007200189","glowbrush","1651317746698731_822759397499566","2026-07-26T17:51:00+0000","Eplesio","","","","descartado","aplazado_por_limite","",""
"120251010007200189","glowbrush","1651317746698731_1981508372556789","2026-08-06T03:05:35+0000","Lamento mucho decir que yo lo pedí y no sirve no funciona","","","","descartado","aplazado_por_limite","",""
"120251010007200189","glowbrush","1651317746698731_2225867454871460","2026-08-01T11:15:46+0000","No lo compren","","","","descartado","aplazado_por_limite","",""
"120251010007200189","glowbrush","1651317746698731_27589516547383677","2026-08-01T11:15:12+0000","Te mandan otros y no funcionan es una estafa","","","","descartado","aplazado_por_limite","",""
"120251010007200189","glowbrush","1651317746698731_876796985155704","2026-07-26T21:13:00+0000","Esto es lo mandan es un fraude total No funciona como en el video","","","","descartado","aplazado_por_limite","",""
"120251010007200189","glowbrush","1651317746698731_4293445067468201","2026-07-23T20:32:11+0000","ES MENTIRA!!! VARIAS MUJERES LO PEDIMOS  Y  CLARO ES UNA ESTAFA!!!!","","","","descartado","aplazado_por_limite","",""
"120244687246650189","glowbrush","1603586664805173_3070896276442288","2026-05-10T20:48:22+0000","Excelente","otro","es","","no_publica","clase_otro","",""
"120244687246650189","glowbrush","1603586664805173_1691347825328629","2026-05-14T20:33:02+0000","Con todo respeto si hay alguien que ya la pidió y hay personas preguntando por el precio no se cuál es el motivo de no dárselo.","queja","es","","solo_aviso","queja_solo_aviso","",""
"120244687246650189","glowbrush","1603586664805173_2396375207498651","2026-05-06T19:06:32+0000","GYo quiero uno pero como para comunicarse por donde o qué número pongan un número para marcar","precio","es","","publica","","¡Hola! Te damos toda la información por WhatsApp para atenderte mejor 👉 https://wa.me/5214423621753?text=Hola%2C%20me%20interesa%20cepillo",""
"120244687246650189","glowbrush","1603586664805173_1991685135072370","2026-05-04T06:22:12+0000","Me interesa que precio tiene y como se adquiere","precio","es","","publica","","¡Hola! Te damos toda la información por WhatsApp para atenderte mejor 👉 https://wa.me/5214423621753?text=Hola%2C%20me%20interesa%20cepillo",""
"120244687246650189","glowbrush","1603586664805173_998714305842427","2026-05-03T00:18:03+0000","Dónde lo puedo pedir y cuánto cuesta","precio","es","","publica","","¡Hola! Te damos toda la información por WhatsApp para atenderte mejor 👉 https://wa.me/5214423621753?text=Hola%2C%20me%20interesa%20cepillo",""
"120244687246650189","glowbrush","1603586664805173_1339044391424207","2026-05-11T14:02:58+0000","Yo quiero información por favor","","","","descartado","aplazado_por_limite","",""
"120244687246650189","glowbrush","1603586664805173_1304490498275758","2026-05-06T00:12:07+0000","En que tiempo llegan ,,yo encarge uno...por favor me pueden informar","","","","descartado","aplazado_por_limite","",""
"120244687246650189","glowbrush","1603586664805173_2283313232206018","2026-05-01T18:45:45+0000","Que precio tiene?","","","","descartado","aplazado_por_limite","",""
"120244687246650189","glowbrush","1603586664805173_1863992054297479","2026-05-02T19:59:58+0000","Información precio","","","","descartado","aplazado_por_limite","",""
"120244687246650189","glowbrush","1603586664805173_1309579767167530","2026-05-13T13:35:25+0000","Precio por favor porque nunca ponen el precio","","","","descartado","aplazado_por_limite","",""
"120244687246650189","glowbrush","1603586664805173_1605764641163751","2026-05-03T02:41:54+0000","Predio","","","","descartado","aplazado_por_limite","",""
"120244687246650189","glowbrush","1603586664805173_1502826668295981","2026-05-11T02:44:53+0000","Lo vi en sears en 1200","","","","descartado","aplazado_por_limite","",""
"120244687246650189","glowbrush","1603586664805173_1501779421623894","2026-05-11T21:12:54+0000","cuanto cuesta y donde lo puede comprar 0","","","","descartado","aplazado_por_limite","",""
"120244687246650189","glowbrush","1603586664805173_1673931260466700","2026-05-12T02:13:30+0000","Dondé lo puedo comprar? PRECIO","","","","descartado","aplazado_por_limite","",""
"120244687246650189","glowbrush","1603586664805173_950759634255935","2026-05-10T11:25:17+0000","Precio y dónde lo venden","","","","descartado","aplazado_por_limite","",""
"120244687246650189","glowbrush","1603586664805173_870981372679127","2026-05-02T15:04:22+0000","Tiene malos comentarios la supuesta tienda","","","","descartado","aplazado_por_limite","",""
"120244687246650189","glowbrush","1603586664805173_1675215017166202","2026-05-01T03:04:27+0000","Ay qué padre me gustaría comprarlo","","","","descartado","aplazado_por_limite","",""
"120244687246650189","glowbrush","1603586664805173_1856286951710962","2026-04-30T18:04:56+0000","Precio","","","","descartado","aplazado_por_limite","",""
"120244687246650189","glowbrush","1603586664805173_2014078449461179","2026-05-11T05:07:12+0000","Precio xfa.gracias","","","","descartado","aplazado_por_limite","",""
"120244687246650189","glowbrush","1603586664805173_1002029445645231","2026-05-06T02:50:35+0000","Ya la pedí las instrucciones vienen en otros idiomas.","","","","descartado","aplazado_por_limite","",""
"120244687246650189","glowbrush","1603586664805173_988097070408651","2026-05-04T04:42:08+0000","Yo también quiero uno","","","","descartado","aplazado_por_limite","",""
"120244687246650189","glowbrush","1603586664805173_2223557475115073","2026-04-29T19:18:02+0000","Y q cuesta esa maravilla ..??","","","","descartado","aplazado_por_limite","",""
"120244687246650189","glowbrush","1603586664805173_4491997607792570","2026-05-08T01:16:49+0000","Costo de favor","","","","descartado","aplazado_por_limite","",""
"120244687246650189","glowbrush","1603586664805173_861491556976371","2026-05-03T14:59:08+0000","Yoquiero","","","","descartado","aplazado_por_limite","",""
"120244687246650189","glowbrush","1603586664805173_1508880634081945","2026-04-29T21:23:34+0000","Dura poco la carga, no es cierto que de volumen en la coronilla, solo sirve como peine sin ninguna otra función no caigan en el juego","","","","descartado","aplazado_por_limite","",""
"120244687246650189","glowbrush","1603586664805173_1199947095436746","2026-05-07T01:26:18+0000","Puedes dar información por aquí","","","","descartado","aplazado_por_limite","",""
"120244687246650189","glowbrush","1603586664805173_1953027586088772","2026-05-04T05:16:11+0000","Quiero uno. ¿Cómo lo adquiero, dónde y cuánto cuesta?","","","","descartado","aplazado_por_limite","",""
"120244687246650189","glowbrush","1603586664805173_1424693119430986","2026-05-07T04:39:44+0000","Precioooo","","","","descartado","aplazado_por_limite","",""
"120244687246650189","glowbrush","1603586664805173_1827839671866343","2026-05-01T19:43:57+0000","Información","","","","descartado","aplazado_por_limite","",""
"120244687246650189","glowbrush","1603586664805173_1520503312747926","2026-05-09T01:51:21+0000","HOLA OK DÓNDE LO PUEDO PEDIRRRR SU PRESIO CUANTO CUANTO","","","","descartado","aplazado_por_limite","",""
"120244687246650189","glowbrush","1603586664805173_1679606966610420","2026-05-04T04:36:25+0000","Cuánto es el 50 por ciento","","","","descartado","aplazado_por_limite","",""
"120244687246650189","glowbrush","1603586664805173_1268868095429244","2026-04-30T16:38:36+0000","$$$??","","","","descartado","demasiado_corto","",""
"120244687246650189","glowbrush","1603586664805173_1656063412374425","2026-05-04T04:42:11+0000","","","","","descartado","vacio","",""
"120244687246650189","glowbrush","1603586664805173_775960785483921","2026-05-14T00:06:33+0000","Precio","","","","descartado","aplazado_por_limite","",""
"120244687246650189","glowbrush","1603586664805173_1667275231008977","2026-05-13T16:32:55+0000","Excelente","","","","descartado","aplazado_por_limite","",""
"120244687246650189","glowbrush","1603586664805173_1462295475192881","2026-05-12T13:56:04+0000","Precio","","","","descartado","aplazado_por_limite","",""
"120244687246650189","glowbrush","1603586664805173_851013981383382","2026-05-09T11:45:06+0000","Precio","","","","descartado","aplazado_por_limite","",""
"120244687246650189","glowbrush","1603586664805173_801423346382140","2026-05-05T19:40:21+0000","Que precio tiene","","","","descartado","aplazado_por_limite","",""
"120244687246650189","glowbrush","1603586664805173_990894040079913","2026-05-10T16:54:31+0000","Precio","","","","descartado","aplazado_por_limite","",""
"120244687246650189","glowbrush","1603586664805173_1780882972874546","2026-05-09T08:23:25+0000","Precio","","","","descartado","aplazado_por_limite","",""
"120244687246650189","glowbrush","1603586664805173_957759537247671","2026-05-11T15:48:36+0000","precio","","","","descartado","aplazado_por_limite","",""
"120244687246650189","glowbrush","1603586664805173_1308785240608782","2026-05-12T14:05:18+0000","Precio?","","","","descartado","aplazado_por_limite","",""
"120244687246650189","glowbrush","1603586664805173_1010683981287630","2026-05-07T19:12:59+0000","Precio por Favor. ?","","","","descartado","aplazado_por_limite","",""
"120244687246650189","glowbrush","1603586664805173_2483702798745044","2026-05-06T07:30:04+0000","Y la panocha y el culo?","","","","descartado","aplazado_por_limite","",""
"120244687246650189","glowbrush","1603586664805173_2120836001823698","2026-05-12T05:55:37+0000","Precio por favor","","","","descartado","aplazado_por_limite","",""
"120244687246650189","glowbrush","1603586664805173_945405588494147","2026-05-10T04:46:34+0000","Precio por favor.","","","","descartado","aplazado_por_limite","",""
"120244687246650189","glowbrush","1603586664805173_1466447727745636","2026-05-04T06:46:20+0000","Quiero uno","","","","descartado","aplazado_por_limite","",""
"120244687246650189","glowbrush","1603586664805173_1684771369323812","2026-05-03T12:46:04+0000","Precio por favor","","","","descartado","aplazado_por_limite","",""
"120244687246650189","glowbrush","1603586664805173_26882848514668288","2026-05-11T20:06:32+0000","Por favor precio, como se adquiere?","","","","descartado","aplazado_por_limite","",""
"120244687246650189","glowbrush","1603586664805173_26031308129875299","2026-05-11T02:44:03+0000","Donde lo compro quiero uno","","","","descartado","aplazado_por_limite","",""
"120244687246650189","glowbrush","1603586664805173_949951277940943","2026-05-07T21:17:13+0000","No son los aparatos ,en mi caso soy yo que no me sé peinar","","","","descartado","aplazado_por_limite","",""
"120244687246650189","glowbrush","1603586664805173_943473478466870","2026-05-06T13:51:55+0000","Por que no responden no dan la información, voy a ir a las tiendas chinas ahi yo creo que lo voy a encontrar!!!","","","","descartado","aplazado_por_limite","",""
"120244687246650189","glowbrush","1603586664805173_1737296310590693","2026-05-05T01:56:07+0000","Quiero uno","","","","descartado","aplazado_por_limite","",""
"120244687246650189","glowbrush","1603586664805173_905855449143531","2026-05-13T00:04:54+0000","WOW","","","","descartado","aplazado_por_limite","",""
"120244687246650189","glowbrush","1603586664805173_2191067868376046","2026-05-12T21:38:34+0000","Precio por favor?","","","","descartado","aplazado_por_limite","",""
"120244687246650189","glowbrush","1603586664805173_1638960177378365","2026-05-11T03:07:08+0000","En donde lo compro","","","","descartado","aplazado_por_limite","",""
"120244687246650189","glowbrush","1603586664805173_1340547801275460","2026-05-08T22:34:21+0000","Que precio tiene","","","","descartado","aplazado_por_limite","",""
"120244687246650189","glowbrush","1603586664805173_1639437203983040","2026-05-05T14:46:54+0000","Precio por favor","","","","descartado","aplazado_por_limite","",""
"120244687246650189","glowbrush","1603586664805173_2214866402676096","2026-05-05T03:31:13+0000","ES UN TRUCO NO PONER PRECIO, ME PARECE PUBLICIDAD ENGAÑOSA.","","","","descartado","aplazado_por_limite","",""
"120244687246650189","glowbrush","1603586664805173_1511582420668207","2026-05-04T20:10:28+0000","En que  lugar 6 el presio","","","","descartado","aplazado_por_limite","",""
"120244687246650189","glowbrush","1603586664805173_2132223177625507","2026-05-04T14:57:12+0000","Precio","","","","descartado","aplazado_por_limite","",""
"120244687246650189","glowbrush","1603586664805173_1515453273279164","2026-05-04T00:35:54+0000","Quiero uno","","","","descartado","aplazado_por_limite","",""
"120244687246650189","glowbrush","1603586664805173_1173151991535292","2026-05-03T11:56:42+0000","Precio","","","","descartado","aplazado_por_limite","",""
"120244687246650189","glowbrush","1603586664805173_1692736958419172","2026-05-03T03:27:07+0000","Precio por favor","","","","descartado","aplazado_por_limite","",""
"120244687246650189","glowbrush","1603586664805173_4260946040835581","2026-05-02T17:31:10+0000","Yo quiero uno","","","","descartado","aplazado_por_limite","",""
"120244687246650189","glowbrush","1603586664805173_989133663616251","2026-05-01T20:09:56+0000","También yo quiero comprar uno.","","","","descartado","aplazado_por_limite","",""
"120244687246650189","glowbrush","1603586664805173_26238440845852463","2026-05-01T20:09:31+0000","También a mí.","","","","descartado","aplazado_por_limite","",""
"120244687246650189","glowbrush","1603586664805173_995610752894168","2026-05-01T04:59:38+0000","Cuál es el precio?","","","","descartado","aplazado_por_limite","",""
"120244687246650189","glowbrush","1603586664805173_713232378535394","2026-05-01T02:13:18+0000","Precio","","","","descartado","aplazado_por_limite","",""
"120245897525400189","glowbrush","1618696336627539_865069356098791","2026-06-08T02:02:19+0000","Quiero uno cuanto cywsta","","","","descartado","ya_respondido","",""
"120245897525400189","glowbrush","1618696336627539_1327470122711628","2026-05-24T18:43:01+0000","Precio por favor","","","","descartado","ya_respondido","",""
"120245897525400189","glowbrush","1618696336627539_1855000815179270","2026-05-23T11:45:44+0000","Pedido y forma de pago me gusta al resivir","","","","descartado","ya_respondido","",""
"120245897525400189","glowbrush","1618696336627539_2552974621824954","2026-05-22T17:11:40+0000","me interesa precio por favor","precio","es","","publica","","¡Hola! Te damos toda la información por WhatsApp para atenderte mejor 👉 https://wa.me/5214423621753?text=Hola%2C%20me%20interesa%20cepillo",""
"120245897525400189","glowbrush","1618696336627539_1702366887756876","2026-05-19T18:39:11+0000","No sirve yo compré uno y no le dura la carga ni 5 minutos y les pedí q me lo cambiarán y nomás de isietom pendejos ya ni contestan 800 pesos tirados ala basura","","","","descartado","ya_respondido","",""
"120245897525400189","glowbrush","1618696336627539_1013037431067722","2026-05-17T21:53:54+0000","Precio por favor y gracias","","","","descartado","ya_respondido","",""
"120245897525400189","glowbrush","1618696336627539_981154671293468","2026-05-17T21:47:23+0000","Precio por favor","","","","descartado","ya_respondido","",""
"120245897525400189","glowbrush","1618696336627539_2422527741580661","2026-05-26T00:20:14+0000","Que tal si funciona?","duda_producto","es","","solo_aviso","duda_solo_aviso","",""
"120245897525400189","glowbrush","1618696336627539_2461885510941199","2026-05-24T15:30:13+0000","El precio por fabor","precio","es","","publica","","¡Hola! Te damos toda la información por WhatsApp para atenderte mejor 👉 https://wa.me/5214423621753?text=Hola%2C%20me%20interesa%20cepillo",""
"120245897525400189","glowbrush","1618696336627539_999664192507472","2026-05-25T02:58:59+0000","Donde venden y cuanto cuesta ubicación porfa","precio","es","","publica","","¡Hola! Te damos toda la información por WhatsApp para atenderte mejor 👉 https://wa.me/5214423621753?text=Hola%2C%20me%20interesa%20cepillo",""
"120245897525400189","glowbrush","1618696336627539_1350098583751342","2026-06-16T13:07:03+0000","Precio y como se paga??","precio","es","","publica","","¡Hola! Te damos toda la información por WhatsApp para atenderte mejor 👉 https://wa.me/5214423621753?text=Hola%2C%20me%20interesa%20cepillo",""
"120245897525400189","glowbrush","1618696336627539_1577852140607660","2026-05-29T19:52:33+0000","Alguien lo a usado, favor de compartir para saber si funciona","","","","descartado","aplazado_por_limite","",""
"120245897525400189","glowbrush","1618696336627539_1768445007853927","2026-06-15T05:11:27+0000","Yo lo pedí y nunca Melo enviaron","","","","descartado","aplazado_por_limite","",""
"120245897525400189","glowbrush","1618696336627539_2193720238057558","2026-06-02T04:33:24+0000","Rossana","","","","descartado","aplazado_por_limite","",""
"120245897525400189","glowbrush","1618696336627539_1305444924371796","2026-05-24T20:04:33+0000","Donde lo puedo adquirir","","","","descartado","aplazado_por_limite","",""
"120245897525400189","glowbrush","1618696336627539_4470129369925411","2026-06-19T17:55:03+0000","Ahí eso es una mentira yo tengo un cepillo y bien que me lo dé","","","","descartado","aplazado_por_limite","",""
"120245897525400189","glowbrush","1618696336627539_1338950338209913","2026-06-16T20:55:26+0000","Oigan contesten si no no se anuncien","","","","descartado","aplazado_por_limite","",""
"120245897525400189","glowbrush","1618696336627539_873566255219906","2026-06-16T23:11:39+0000","Yo pedí el mío en pero no ha llegado.","","","","descartado","aplazado_por_limite","",""
"120245897525400189","glowbrush","1618696336627539_1702577584210357","2026-06-04T16:48:20+0000","Que precio tiene por favor","","","","descartado","aplazado_por_limite","",""
"120245897525400189","glowbrush","1618696336627539_1314928350032150","2026-05-19T21:45:48+0000","Zaqueo un cepillo que de volumen  a las personas que tienen poco cabellos nos conviene el volumen no el alaciado gracias","","","","descartado","aplazado_por_limite","",""
"120245897525400189","glowbrush","1618696336627539_1330938999099244","2026-05-30T04:48:10+0000","Q preco","","","","descartado","aplazado_por_limite","",""
"120245897525400189","glowbrush","1618696336627539_1403057544902483","2026-05-31T17:00:09+0000","Donde se encuentran","","","","descartado","aplazado_por_limite","",""
"120245897525400189","glowbrush","1618696336627539_1709465073837643","2026-06-01T17:04:52+0000","Precio por e","","","","descartado","aplazado_por_limite","",""
"120245897525400189","glowbrush","1618696336627539_2068251890390801","2026-06-14T16:25:05+0000","Que precio tiene me interesa","","","","descartado","aplazado_por_limite","",""
"120245897525400189","glowbrush","1618696336627539_3126485587739451","2026-06-07T08:41:24+0000","Ya la regué, compré con otros y cuesta lo mismo.","","","","descartado","aplazado_por_limite","",""
"120245897525400189","glowbrush","1618696336627539_1339667681589929","2026-06-02T23:35:33+0000","El preció está en la presentación y es de 995 pesos.","","","","descartado","aplazado_por_limite","",""
"120245897525400189","glowbrush","1618696336627539_3413714792128083","2026-06-04T13:51:50+0000","Como li piden","","","","descartado","aplazado_por_limite","",""
"120245897525400189","glowbrush","1618696336627539_2074619543430927","2026-05-30T20:36:33+0000","Nunca ponen precio","","","","descartado","aplazado_por_limite","",""
"120245897525400189","glowbrush","1618696336627539_2158607441646354","2026-05-24T17:40:52+0000","Que precio y como se compra y si paga al recibir? Gracias","","","","descartado","aplazado_por_limite","",""
"120245897525400189","glowbrush","1618696336627539_1364807125696627","2026-05-20T23:56:13+0000","Que precio tiene el cepillo gracias","","","","descartado","aplazado_por_limite","",""
"120245897525400189","glowbrush","1618696336627539_1268799335040623","2026-05-31T15:31:14+0000","Gracias","","","","descartado","aplazado_por_limite","",""
"120245897525400189","glowbrush","1618696336627539_3580023798830565","2026-05-25T04:28:02+0000","Está bien barato  nada más 1000 pesitos!","","","","descartado","aplazado_por_limite","",""
"120245897525400189","glowbrush","1618696336627539_2071495337105938","2026-05-19T16:51:51+0000","Precio","","","","descartado","aplazado_por_limite","",""
"120245897525400189","glowbrush","1618696336627539_1982060755745652","2026-05-24T03:38:34+0000","Información por favor gracias","","","","descartado","aplazado_por_limite","",""
"120245897525400189","glowbrush","1618696336627539_1530156985302558","2026-05-22T18:17:57+0000","👌👍👏","","","","descartado","sin_texto","",""
"120245897525400189","glowbrush","1618696336627539_1413974244106107","2026-06-03T19:59:54+0000","Precio","","","","descartado","aplazado_por_limite","",""
"120245897525400189","glowbrush","1618696336627539_3925297384432971","2026-05-28T13:24:22+0000","Precio","","","","descartado","aplazado_por_limite","",""
"120245897525400189","glowbrush","1618696336627539_1045422124833459","2026-06-19T02:35:36+0000","Precio por favor","","","","descartado","aplazado_por_limite","",""
"120245897525400189","glowbrush","1618696336627539_1142434528061133","2026-05-19T17:35:18+0000","Precio?","","","","descartado","aplazado_por_limite","",""
"120245897525400189","glowbrush","1618696336627539_1675230673687411","2026-06-03T20:26:16+0000","Con pelo mojado seco","","","","descartado","aplazado_por_limite","",""
"120245897525400189","glowbrush","1618696336627539_2685216588517819","2026-06-03T19:01:20+0000","No te mandan nada","","","","descartado","aplazado_por_limite","",""
"120245897525400189","glowbrush","1618696336627539_2042212539733754","2026-05-23T23:01:48+0000","995 dice ahi","","","","descartado","aplazado_por_limite","",""
"120245897525400189","glowbrush","1618696336627539_1542173500635505","2026-06-22T01:22:45+0000","Precio","","","","descartado","aplazado_por_limite","",""
"120245897525400189","glowbrush","1618696336627539_970670822241104","2026-06-03T20:26:32+0000","Creo que es con pelo seco, verdad?","","","","descartado","aplazado_por_limite","",""
"120245897525400189","glowbrush","1618696336627539_1730498481634650","2026-06-01T17:45:55+0000","Alisa????  No da volumen?","","","","descartado","aplazado_por_limite","",""
"120245897525400189","glowbrush","1618696336627539_1315184426697605","2026-06-01T03:41:21+0000","Precio","","","","descartado","aplazado_por_limite","",""
"120245897525400189","glowbrush","1618696336627539_26572436035772951","2026-05-30T23:28:39+0000","Precio por favor","","","","descartado","aplazado_por_limite","",""
"120245897525400189","glowbrush","1618696336627539_1615711276205433","2026-05-29T00:36:01+0000","Me interesa, precio y como seria el pago","","","","descartado","aplazado_por_limite","",""
"120245897525400189","glowbrush","1618696336627539_2274286343099963","2026-05-19T21:46:11+0000","","","","","descartado","vacio","",""
"120245897525400189","glowbrush","1618696336627539_1535358571364482","2026-06-17T18:39:43+0000","Mm pues lo cuentan muy bonito y que sirve mucho pero yo lo compré y no me sirvió no tiene forma de agarrar el pelo no es cepillo ya que no tiene dientes para que entre el pelo","","","","descartado","aplazado_por_limite","",""
"120245897525400189","glowbrush","1618696336627539_1333162824813951","2026-06-17T03:31:01+0000","Es  mentira yo lo compré y  no  es verdad","","","","descartado","aplazado_por_limite","",""
"120245897525400189","glowbrush","1618696336627539_3901018256871806","2026-06-16T11:58:03+0000","Es mentira no compren te mandan el que quieren con cable y no te hacen el cambio","","","","descartado","aplazado_por_limite","",""
"120245897525400189","glowbrush","1618696336627539_1211895420963628","2026-06-06T14:52:30+0000","Exageran haciendo  esas caras,","","","","descartado","aplazado_por_limite","",""
"120245897525400189","glowbrush","1618696336627539_1355718539752332","2026-06-03T19:01:04+0000","Fraude","","","","descartado","aplazado_por_limite","",""
"120245897525400189","glowbrush","1618696336627539_1544435600526632","2026-06-02T22:03:22+0000","Ojo, no comprar este tipo de cepillo, pues no te dicen que tienes que tener el pelo limpio y seco antes de usarlo. Siempre es un timo. Gracias","","","","descartado","aplazado_por_limite","",""
"120245897525400189","glowbrush","1618696336627539_1014013798079880","2026-06-01T04:06:22+0000","No dan el precio pues","","","","descartado","aplazado_por_limite","",""
"120245897525400189","glowbrush","1618696336627539_2741552316244927","2026-05-30T15:52:50+0000","No dan precio......","","","","descartado","aplazado_por_limite","",""
"120245897525400189","glowbrush","1618696336627539_2071617197043035","2026-05-26T17:22:58+0000","X que no ponen precio, a ver si lo puede uno comprar 😡😡😡","","","","descartado","aplazado_por_limite","",""
"120245897525400189","glowbrush","1618696336627539_1682575899606275","2026-05-26T00:20:44+0000","Nunca contestan publico","","","","descartado","aplazado_por_limite","",""
"120250783606930189","lucessolares","1699707848526387_1384296159901506","2026-09-02T15:41:43+0000","Excelente  ,cuantas trae la caja  ,precio y ubicación gracias","","","","descartado","ya_respondido","",""
"120250783606930189","lucessolares","1699707848526387_1099616409308183","2026-08-29T21:01:30+0000","Precio y ubicación","","","","descartado","ya_respondido","",""
"120250783606930189","lucessolares","1699707848526387_2144379129817165","2026-08-27T22:37:08+0000","Precio y donde las encuentro? vivo en cdmx","precio","es","","publica","","¡Hola! Te damos toda la información por WhatsApp para atenderte mejor 👉 https://wa.me/5214423621753?text=Hola%2C%20me%20interesa%20luces",""
"120250783606930189","lucessolares","1699707848526387_1406286624799575","2026-08-30T21:32:25+0000","Qué precio tienen y dónde se ubican?","precio","es","","publica","","¡Hola! Te damos toda la información por WhatsApp para atenderte mejor 👉 https://wa.me/5214423621753?text=Hola%2C%20me%20interesa%20luces",""
"120250783606930189","lucessolares","1699707848526387_1701289274260518","2026-08-20T15:36:27+0000","Precio","precio","es","","publica","","¡Hola! Te damos toda la información por WhatsApp para atenderte mejor 👉 https://wa.me/5214423621753?text=Hola%2C%20me%20interesa%20luces",""
"120250783606930189","lucessolares","1699707848526387_1822382101946765","2026-08-22T17:37:03+0000","Prwcio","precio","es","","publica","","¡Hola! Te damos toda la información por WhatsApp para atenderte mejor 👉 https://wa.me/5214423621753?text=Hola%2C%20me%20interesa%20luces",""
"120250783606930189","lucessolares","1699707848526387_2197131087516004","2026-09-05T17:46:15+0000","Donde se ubican","precio","es","","publica","","¡Hola! Te damos toda la información por WhatsApp para atenderte mejor 👉 https://wa.me/5214423621753?text=Hola%2C%20me%20interesa%20luces",""
"120250783606930189","lucessolares","1699707848526387_1476219704343208","2026-08-27T17:02:26+0000","Hice un pedido... [[ 12 por  900 pesos....]]  no me ha llegado","","","","descartado","aplazado_por_limite","",""
"120250783606930189","lucessolares","1699707848526387_1105528925249681","2026-08-27T05:04:25+0000","Costo y donde las venden CDMX","","","","descartado","aplazado_por_limite","",""
"120250783606930189","lucessolares","1699707848526387_1017552384437732","2026-08-29T17:05:56+0000","Cuantas horas petmanecen encendidas en la noche","","","","descartado","aplazado_por_limite","",""
"120250783606930189","lucessolares","1699707848526387_1418383933813864","2026-08-31T21:56:34+0000","Preciod","","","","descartado","aplazado_por_limite","",""
"120250783606930189","lucessolares","1699707848526387_1390697753197817","2026-09-02T04:19:09+0000","Ubicación? Costo?","","","","descartado","aplazado_por_limite","",""
"120250783606930189","lucessolares","1699707848526387_28371579222473335","2026-08-26T04:06:39+0000","Informes","","","","descartado","aplazado_por_limite","",""
"120250783606930189","lucessolares","1699707848526387_4541685126151657","2026-09-03T16:39:56+0000","Cuánto cuesta?","","","","descartado","aplazado_por_limite","",""
"120250783606930189","lucessolares","1699707848526387_1395308559392153","2026-09-06T03:54:01+0000","Se ven muy buenas","","","","descartado","aplazado_por_limite","",""
"120250783606930189","lucessolares","1699707848526387_1107457344947324","2026-08-25T14:20:23+0000","Cuál es el precio?","","","","descartado","aplazado_por_limite","",""
"120250783606930189","lucessolares","1699707848526387_28093287497023661","2026-08-25T04:22:26+0000","Precio p fav","","","","descartado","aplazado_por_limite","",""
"120250783606930189","lucessolares","1699707848526387_1509102757653509","2026-08-23T14:17:11+0000","Mieldas ni contesta","","","","descartado","aplazado_por_limite","",""
"120250783606930189","lucessolares","1699707848526387_2300601504076406","2026-08-24T19:10:51+0000","Donde las venden las luces qué precio tienen cuantas luces trae la caja estoy Celaya","","","","descartado","aplazado_por_limite","",""
"120250783606930189","lucessolares","1699707848526387_1672526627539607","2026-08-20T15:15:53+0000","Precio por favor","","","","descartado","aplazado_por_limite","",""
"120250783606930189","lucessolares","1699707848526387_3294482447606092","2026-08-19T21:10:32+0000","Pongan el precio","","","","descartado","aplazado_por_limite","",""
"120250783606930189","lucessolares","1699707848526387_1606150201259148","2026-08-27T15:06:45+0000","k precio tienen  donde se uboca","","","","descartado","aplazado_por_limite","",""
"120250783606930189","lucessolares","1699707848526387_1070406465706221","2026-08-25T18:07:02+0000","Excelente","","","","descartado","aplazado_por_limite","",""
"120250783606930189","lucessolares","1699707848526387_2697546263980495","2026-08-22T16:57:20+0000","Las compré y solo duraron 30 días,","","","","descartado","aplazado_por_limite","",""
"120250783606930189","lucessolares","1699707848526387_2540599433019264","2026-08-19T16:14:23+0000","Costo","","","","descartado","aplazado_por_limite","",""
"120250783606930189","lucessolares","1699707848526387_1333773048831578","2026-08-29T14:36:20+0000","Buen día me interesan que hago para adquirirlas? Precio","","","","descartado","aplazado_por_limite","",""
"120250783606930189","lucessolares","1699707848526387_2176699806264300","2026-08-24T23:55:13+0000","Que cuentan que precio tiene","","","","descartado","aplazado_por_limite","",""
"120250783606930189","lucessolares","1699707848526387_1604736924510457","2026-09-03T17:31:44+0000","Precio por favor","","","","descartado","aplazado_por_limite","",""
"120250783606930189","lucessolares","1699707848526387_1358907926392117","2026-09-01T18:50:08+0000","Precio","","","","descartado","aplazado_por_limite","",""
"120250783606930189","lucessolares","1699707848526387_1118280250870825","2026-08-31T17:06:29+0000","Costo","","","","descartado","aplazado_por_limite","",""
"120250783606930189","lucessolares","1699707848526387_28709955471935257","2026-08-30T18:13:00+0000","Precio","","","","descartado","aplazado_por_limite","",""
"120250783606930189","lucessolares","1699707848526387_1433193792028150","2026-09-03T17:07:07+0000","Precio?","","","","descartado","aplazado_por_limite","",""
"120250783606930189","lucessolares","1699707848526387_1384664799743800","2026-08-30T21:54:27+0000","Precio","","","","descartado","aplazado_por_limite","",""
"120250783606930189","lucessolares","1699707848526387_1549411253129081","2026-08-28T16:56:52+0000","Precio","","","","descartado","aplazado_por_limite","",""
"120250783606930189","lucessolares","1699707848526387_1724145188672515","2026-08-22T17:29:57+0000","Precio","","","","descartado","aplazado_por_limite","",""
"120250783606930189","lucessolares","1699707848526387_1716057726272954","2026-08-21T20:10:08+0000","Precio","","","","descartado","aplazado_por_limite","",""
"120250783606930189","lucessolares","1699707848526387_4529919473911640","2026-08-30T23:52:49+0000","Precio","","","","descartado","aplazado_por_limite","",""
"120250783606930189","lucessolares","1699707848526387_1613468607096148","2026-09-02T12:00:44+0000","Precio 🙏?","","","","descartado","aplazado_por_limite","",""
"120250783606930189","lucessolares","1699707848526387_1381886480718281","2026-09-02T16:26:59+0000","Precio por favor","","","","descartado","aplazado_por_limite","",""
"120250783606930189","lucessolares","1699707848526387_1112656104529729","2026-08-27T15:37:23+0000","Precio por favor","","","","descartado","aplazado_por_limite","",""
"120250783606930189","lucessolares","1699707848526387_2143284893209408","2026-09-05T21:53:31+0000","$ x plis","","","","descartado","aplazado_por_limite","",""
"120250783606930189","lucessolares","1699707848526387_2308664089880444","2026-09-03T17:07:30+0000","Precio por caja?","","","","descartado","aplazado_por_limite","",""
"120250783606930189","lucessolares","1699707848526387_1786054022524567","2026-08-30T18:13:29+0000","Se paga contra entrega?","","","","descartado","aplazado_por_limite","",""
"120250783606930189","lucessolares","1699707848526387_1217895003862210","2026-08-23T10:15:57+0000","Precio por favor","","","","descartado","aplazado_por_limite","",""
"120250783606930189","lucessolares","1699707848526387_1403428101739620","2026-08-27T12:51:40+0000","Precio","","","","descartado","aplazado_por_limite","",""
"120250783606930189","lucessolares","1699707848526387_2267353044013166","2026-08-22T14:06:51+0000","Precio","","","","descartado","aplazado_por_limite","",""
"120250783606930189","lucessolares","1699707848526387_1380733840295452","2026-09-04T17:59:19+0000","Precio y ubicación por favor..","","","","descartado","ya_respondido","",""
"120250783606930189","lucessolares","1699707848526387_1079032064716338","2026-09-04T18:52:10+0000","Es un robo no las compren x favor","","","","descartado","aplazado_por_limite","",""
"120250783606930189","lucessolares","1699707848526387_1027373070127829","2026-08-30T05:25:10+0000","Ya las compré y ni sirven","","","","descartado","aplazado_por_limite","",""
"120250783606930189","lucessolares","1699707848526387_1385177706287872","2026-08-25T13:04:37+0000","Uf no alusan nada y luz amarillas eso no sirbe","","","","descartado","aplazado_por_limite","",""
"120250783606940189","lucessolares","1699707725193066_2342886959849141","2026-08-22T20:06:32+0000","Dónde las puedo comprar","precio","es","","publica","","¡Hola! Te damos toda la información por WhatsApp para atenderte mejor 👉 https://wa.me/5214423621753?text=Hola%2C%20me%20interesa%20luces",""
"120250783606940189","lucessolares","1699707725193066_5005808289645797","2026-08-27T21:35:19+0000","Precio cusntos trae la caja","precio","es","","publica","","¡Hola! Te damos toda la información por WhatsApp para atenderte mejor 👉 https://wa.me/5214423621753?text=Hola%2C%20me%20interesa%20luces",""
"120250783606940189","lucessolares","1699707725193066_1514300540716782","2026-08-27T20:13:15+0000","Me interesa","otro","es","","no_publica","clase_otro","",""
"120250783606940189","lucessolares","1699707725193066_27974933415500301","2026-08-24T06:08:43+0000","Dónde se venden?","precio","es","","publica","","¡Hola! Te damos toda la información por WhatsApp para atenderte mejor 👉 https://wa.me/5214423621753?text=Hola%2C%20me%20interesa%20luces",""
"120250783606940189","lucessolares","1699707725193066_1549640626203508","2026-08-23T20:42:13+0000","Información , precio","precio","es","","publica","","¡Hola! Te damos toda la información por WhatsApp para atenderte mejor 👉 https://wa.me/5214423621753?text=Hola%2C%20me%20interesa%20luces",""
"120250783606940189","lucessolares","1699707725193066_1449480283659984","2026-09-01T21:37:25+0000","Luego duran dos horas con luz 😃","","","","descartado","aplazado_por_limite","",""
"120250783606940189","lucessolares","1699707725193066_1698865984990713","2026-09-04T22:06:09+0000","Precio  por unidad","","","","descartado","aplazado_por_limite","",""
"120250783606940189","lucessolares","1699707725193066_1682870093623408","2026-08-21T20:41:54+0000","Cuánto cuestan 8","","","","descartado","aplazado_por_limite","",""
"120250783606940189","lucessolares","1699707725193066_1955699745117322","2026-08-29T01:46:46+0000","Costo  y como lo puedo conseguir","","","","descartado","aplazado_por_limite","",""
"120250783606940189","lucessolares","1699707725193066_1064610306085984","2026-08-19T21:28:58+0000","Precio","","","","descartado","aplazado_por_limite","",""
"120250783606940189","lucessolares","1699707725193066_1549119523085237","2026-09-04T22:24:48+0000","Mire como ve estas","","","","descartado","aplazado_por_limite","",""
"120250783606940189","lucessolares","1699707725193066_1447114803908990","2026-08-27T01:06:24+0000","cul es el precio","","","","descartado","aplazado_por_limite","",""
"120250783606940189","lucessolares","1699707725193066_1346407897258838","2026-09-05T13:51:46+0000","El costo","","","","descartado","aplazado_por_limite","",""
"120250783606940189","lucessolares","1699707725193066_1065000136271522","2026-08-27T13:56:36+0000","Información por favor","","","","descartado","aplazado_por_limite","",""
"120250783606940189","lucessolares","1699707725193066_1776152437063637","2026-08-30T23:45:16+0000","Cuantas luces  trai la caga y cuato cuestan  pof","","","","descartado","aplazado_por_limite","",""
"120250783606940189","lucessolares","1699707725193066_4584886308400371","2026-08-26T02:17:46+0000","Muy fea esa luz","","","","descartado","aplazado_por_limite","",""
"120250783606940189","lucessolares","1699707725193066_1421686923187721","2026-09-05T20:54:55+0000","DURACION DE LUZ ENCENDIDA Y PRECIO POR CAJA Y CUANTAS TRAE GRACIAS","","","","descartado","aplazado_por_limite","",""
"120250783606940189","lucessolares","1699707725193066_1733864074531815","2026-08-20T17:32:00+0000","Presio por favor","","","","descartado","aplazado_por_limite","",""
"120250783606940189","lucessolares","1699707725193066_2043430679629220","2026-08-19T16:11:13+0000","Precio x favor","","","","descartado","aplazado_por_limite","",""
"120250783606940189","lucessolares","1699707725193066_2273688246511092","2026-08-19T14:30:29+0000","Costo","","","","descartado","aplazado_por_limite","",""
"120250783606940189","lucessolares","1699707725193066_1805891720409827","2026-08-31T14:02:51+0000","Precio por favor","","","","descartado","aplazado_por_limite","",""
"120250783606940189","lucessolares","1699707725193066_4598216497123873","2026-09-06T00:35:39+0000","$_$","","","","descartado","demasiado_corto","",""
"120250783606940189","lucessolares","1699707725193066_949632700732165","2026-08-22T22:47:47+0000","Gaby Tl ...","","","","descartado","aplazado_por_limite","",""
"120250783606940189","lucessolares","1699707725193066_1066863542386090","2026-09-02T23:36:00+0000","Cuanto cuestan?","","","","descartado","aplazado_por_limite","",""
"120250783606940189","lucessolares","1699707725193066_1802262784560120","2026-08-30T18:32:19+0000","Precio","","","","descartado","aplazado_por_limite","",""
"120250783606940189","lucessolares","1699707725193066_2227811938075025","2026-08-23T05:50:55+0000","Precio","","","","descartado","aplazado_por_limite","",""
"120250783606940189","lucessolares","1699707725193066_1566190645244764","2026-08-30T13:34:58+0000","Precio","","","","descartado","aplazado_por_limite","",""
"120250783606940189","lucessolares","1699707725193066_28368866912744913","2026-08-30T02:22:22+0000","Costo","","","","descartado","aplazado_por_limite","",""
"120250783606940189","lucessolares","1699707725193066_1355727029876245","2026-08-29T02:50:32+0000","Precio","","","","descartado","aplazado_por_limite","",""
"120250783606940189","lucessolares","1699707725193066_1102827272432732","2026-08-23T21:43:56+0000","Precio","","","","descartado","aplazado_por_limite","",""
"120250783606940189","lucessolares","1699707725193066_918866837409827","2026-08-20T20:02:55+0000","Precio","","","","descartado","aplazado_por_limite","",""
"120250783606940189","lucessolares","1699707725193066_1844605706908224","2026-08-25T22:54:51+0000","Precio?","","","","descartado","aplazado_por_limite","",""
"120250783606940189","lucessolares","1699707725193066_1596366945372378","2026-08-27T03:13:59+0000","Precio","","","","descartado","aplazado_por_limite","",""
"120250783606940189","lucessolares","1699707725193066_1036520809151701","2026-08-29T05:22:38+0000","Precio","","","","descartado","aplazado_por_limite","",""
"120250783606940189","lucessolares","1699707725193066_1636617948085767","2026-08-19T20:51:09+0000","Costo","","","","descartado","aplazado_por_limite","",""
"120250783606940189","lucessolares","1699707725193066_944013194707437","2026-08-30T01:44:10+0000","Donde lss compro.","","","","descartado","aplazado_por_limite","",""
"120250783606940189","lucessolares","1699707725193066_2894745400918262","2026-09-01T22:01:33+0000","$","","","","descartado","demasiado_corto","",""
"120250783606940189","lucessolares","1699707725193066_1709016457896631","2026-09-01T19:16:31+0000","Precio xfavor","","","","descartado","aplazado_por_limite","",""
"120250783606940189","lucessolares","1699707725193066_924011857445952","2026-08-31T05:21:22+0000","Precio","","","","descartado","aplazado_por_limite","",""
"120250783606940189","lucessolares","1699707725193066_2069615486970136","2026-08-24T15:50:26+0000","Dónde se venden","","","","descartado","aplazado_por_limite","",""
"120250783606940189","lucessolares","1699707725193066_2194058811162782","2026-08-24T03:46:37+0000","Precio","","","","descartado","aplazado_por_limite","",""
"120250783606940189","lucessolares","1699707725193066_3436219469885559","2026-08-22T22:47:53+0000","Esteban Millan Hernandez ..","","","","descartado","aplazado_por_limite","",""
"120250783606940189","lucessolares","1699707725193066_909098378487473","2026-08-22T20:06:45+0000","Precio","","","","descartado","aplazado_por_limite","",""
"120250783606940189","lucessolares","1699707725193066_2476391152844979","2026-08-19T17:09:54+0000","precio me gusta","","","","descartado","aplazado_por_limite","",""
"120250783606940189","lucessolares","1699707725193066_1300569958689070","2026-09-03T03:57:00+0000","Pura mentira yo los.pedi y nunca llegaron. Q coraje😡","","","","descartado","aplazado_por_limite","",""
"120250783606940189","lucessolares","1699707725193066_1858383961809633","2026-08-26T15:08:57+0000","Hay no Por que publican si no ponen los precios","","","","descartado","aplazado_por_limite","",""
"120250783606940189","lucessolares","1699707725193066_1701139780978206","2026-08-22T17:03:08+0000","Las compré y sólo duraron ni 30 días","","","","descartado","aplazado_por_limite","",""
"120243506058890189","glowbrush","1587720256391814_1515896506638391","2026-05-13T19:54:52+0000","Quiero uno como lo obtengo?","","","","descartado","ya_respondido","",""
"120243506058890189","glowbrush","1587720256391814_1002729038860188","2026-05-13T18:20:22+0000","Precio, Forma de Pago y Entrega por favor","","","","descartado","ya_respondido","",""
"120243506058890189","glowbrush","1587720256391814_2024559354843594","2026-05-03T20:23:52+0000","Me interesa. Tengo cabello corto","","","","descartado","ya_respondido","",""
"120243506058890189","glowbrush","1587720256391814_1332211122341655","2026-05-01T18:52:01+0000","Quiero uno de estos","","","","descartado","ya_respondido","",""
"120243506058890189","glowbrush","1587720256391814_985066941145086","2026-05-05T20:07:14+0000","Que precio tiene","precio","es","","publica","","¡Hola! Te damos toda la información por WhatsApp para atenderte mejor 👉 https://wa.me/5214423621753?text=Hola%2C%20me%20interesa%20cepillo",""
"120243506058890189","glowbrush","1587720256391814_773584785708581","2026-05-06T05:04:19+0000","En que tiempo llega ?encarge uno la semana pasada","duda_producto","es","entrega","solo_aviso","duda_solo_aviso","",""
"120243506058890189","glowbrush","1587720256391814_1655580192025773","2026-05-04T20:23:21+0000","Dónde lo compro","precio","es","","publica","","¡Hola! Te damos toda la información por WhatsApp para atenderte mejor 👉 https://wa.me/5214423621753?text=Hola%2C%20me%20interesa%20cepillo",""
"120243506058890189","glowbrush","1587720256391814_3124648164399319","2026-05-06T20:56:02+0000","Y para Que me hagan una demostración? En dónde??","otro","es","","no_publica","clase_otro","",""
"120243506058890189","glowbrush","1587720256391814_1797636274730023","2026-05-10T16:31:41+0000","Ojalá me manden el mío, aún no lo recibo ojalá me lo manden","queja","es","","solo_aviso","queja_solo_aviso","",""
"120243506058890189","glowbrush","1587720256391814_1699543961045622","2026-05-04T04:53:13+0000","Costo me interesa","","","","descartado","aplazado_por_limite","",""
"120243506058890189","glowbrush","1587720256391814_1474127381121109","2026-04-29T17:01:40+0000","Busquenlo en amazon","","","","descartado","aplazado_por_limite","",""
"120243506058890189","glowbrush","1587720256391814_897063323355206","2026-04-28T06:24:25+0000","K precio tiene y donde se venden","","","","descartado","aplazado_por_limite","",""
"120243506058890189","glowbrush","1587720256391814_1966006114043575","2026-04-25T03:15:57+0000","A mi no me funciono😢","","","","descartado","aplazado_por_limite","",""
"120243506058890189","glowbrush","1587720256391814_1482464976670240","2026-05-07T18:30:06+0000","En qué tienda comercial está a la venta me podría decir por favor yo tengo pelo corto y pelo ondulado pero es rebelde no se acomoda bien","","","","descartado","aplazado_por_limite","",""
"120243506058890189","glowbrush","1587720256391814_1512766996849801","2026-05-06T05:19:47+0000","Den más información por favor","","","","descartado","aplazado_por_limite","",""
"120243506058890189","glowbrush","1587720256391814_839429682004891","2026-04-29T04:40:16+0000","Lo pedí y no me ha llegado.","","","","descartado","aplazado_por_limite","",""
"120243506058890189","glowbrush","1587720256391814_859758603822763","2026-05-08T11:39:46+0000","El precio porfavor gracias.","","","","descartado","aplazado_por_limite","",""
"120243506058890189","glowbrush","1587720256391814_1439644554130473","2026-04-28T01:29:31+0000","Precio","","","","descartado","aplazado_por_limite","",""
"120243506058890189","glowbrush","1587720256391814_954892477179017","2026-05-05T13:29:39+0000","Los ingenieros???","","","","descartado","aplazado_por_limite","",""
"120243506058890189","glowbrush","1587720256391814_2472648346508957","2026-05-02T00:59:58+0000","","","","","descartado","vacio","",""
"120243506058890189","glowbrush","1587720256391814_2127937717776451","2026-05-04T06:27:15+0000","💲  🙏","","","","descartado","sin_texto","",""
"120243506058890189","glowbrush","1587720256391814_4445950482346071","2026-05-13T13:34:02+0000","Precio","","","","descartado","aplazado_por_limite","",""
"120243506058890189","glowbrush","1587720256391814_27127094976898596","2026-05-05T12:34:21+0000","Precio","","","","descartado","aplazado_por_limite","",""
"120243506058890189","glowbrush","1587720256391814_1481929986731247","2026-05-02T21:21:34+0000","Preció","","","","descartado","aplazado_por_limite","",""
"120243506058890189","glowbrush","1587720256391814_1279542174331917","2026-05-06T04:00:41+0000","Que precio  tiene me interesa","","","","descartado","aplazado_por_limite","",""
"120243506058890189","glowbrush","1587720256391814_965443542635993","2026-04-24T06:09:35+0000","Y la panocha y el culo?","","","","descartado","aplazado_por_limite","",""
"120243506058890189","glowbrush","1587720256391814_4123846087760097","2026-05-04T13:28:54+0000","Precio","","","","descartado","aplazado_por_limite","",""
"120243506058890189","glowbrush","1587720256391814_1001451639000372","2026-05-09T22:46:37+0000","Cuánto cuesta","","","","descartado","aplazado_por_limite","",""
"120243506058890189","glowbrush","1587720256391814_1350481360263242","2026-05-09T12:19:08+0000","Dónde lo compro","","","","descartado","aplazado_por_limite","",""
"120243506058890189","glowbrush","1587720256391814_1661541795155740","2026-04-28T12:19:01+0000","Qué precio tiene y dónde lo consigo por favor","","","","descartado","aplazado_por_limite","",""
"120243506058890189","glowbrush","1587720256391814_945547665115493","2026-04-25T03:53:44+0000","Qué precio tiene y dónde lo venden","","","","descartado","aplazado_por_limite","",""
"120243506058890189","glowbrush","1587720256391814_1444567801045536","2026-05-11T20:35:49+0000","No sirve","","","","descartado","aplazado_por_limite","",""
"120244138808880189","glowbrush","1587720299725143_1299550322315093","2026-05-06T12:00:04+0000","Precio porfabor ??","precio","es","","publica","","¡Hola! Te damos toda la información por WhatsApp para atenderte mejor 👉 https://wa.me/5214423621753?text=Hola%2C%20me%20interesa%20cepillo",""
"120244138808880189","glowbrush","1587720299725143_1686858165995551","2026-04-27T22:46:41+0000","Cual es su precio donde lo vendes","precio","es","","publica","","¡Hola! Te damos toda la información por WhatsApp para atenderte mejor 👉 https://wa.me/5214423621753?text=Hola%2C%20me%20interesa%20cepillo",""
"120244138808880189","glowbrush","1587720299725143_1276674481330601","2026-05-04T17:09:31+0000","Y el precio","precio","es","","publica","","¡Hola! Te damos toda la información por WhatsApp para atenderte mejor 👉 https://wa.me/5214423621753?text=Hola%2C%20me%20interesa%20cepillo",""
"120244138808880189","glowbrush","1587720299725143_967268562412180","2026-04-11T15:48:48+0000","dónde puedo conseguir","precio","es","","publica","","¡Hola! Te damos toda la información por WhatsApp para atenderte mejor 👉 https://wa.me/5214423621753?text=Hola%2C%20me%20interesa%20cepillo",""
"120244138808880189","glowbrush","1587720299725143_1371185721481006","2026-04-12T01:11:30+0000","Alguien lo ha comprado,  lo recomienda?","otro","es","","no_publica","clase_otro","",""
"120244138808880189","glowbrush","1587720299725143_950387024242084","2026-04-12T21:44:39+0000","Y cuánto cuesta?","","","","descartado","aplazado_por_limite","",""
"120244138808880189","glowbrush","1587720299725143_1457737926033369","2026-04-11T18:23:32+0000","Dónde lo puedo conseguir","","","","descartado","aplazado_por_limite","",""
"120244138808880189","glowbrush","1587720299725143_1472878214214286","2026-04-25T06:10:31+0000","Pero que precio tiene","","","","descartado","aplazado_por_limite","",""
"120244138808880189","glowbrush","1587720299725143_1004095668715607","2026-04-28T17:44:53+0000","Hola buenos días una pregunta dónde lo puedo conseguir se ve muy práctico para poderte peinar y que precio tiene por favor gracias","","","","descartado","aplazado_por_limite","",""
"120244138808880189","glowbrush","1587720299725143_3125613931159422","2026-05-04T04:30:27+0000","Me gusta","","","","descartado","aplazado_por_limite","",""
"120244138808880189","glowbrush","1587720299725143_27234301426176808","2026-04-27T12:40:17+0000","Precio xfa","","","","descartado","aplazado_por_limite","",""
"120244138808880189","glowbrush","1587720299725143_945377071422620","2026-04-22T04:29:15+0000","Ay no y tiene que ser por Whatsapp","","","","descartado","aplazado_por_limite","",""
"120244138808880189","glowbrush","1587720299725143_1961747251374223","2026-04-29T21:58:53+0000","Precio por favor y donde los venden","","","","descartado","aplazado_por_limite","",""
"120244138808880189","glowbrush","1587720299725143_777498635296829","2026-04-28T21:47:15+0000","no lo crean pagas te cobran","","","","descartado","aplazado_por_limite","",""
"120244138808880189","glowbrush","1587720299725143_844774268128454","2026-05-14T20:28:36+0000","$","","","","descartado","demasiado_corto","",""
"120244138808880189","glowbrush","1587720299725143_1861924831143557","2026-04-28T14:53:11+0000","buen Día que precio tiene?","","","","descartado","aplazado_por_limite","",""
"120244138808880189","glowbrush","1587720299725143_2490082448177707","2026-04-22T07:22:29+0000","Y tú panocha y culo?","","","","descartado","aplazado_por_limite","",""
"120244138808880189","glowbrush","1587720299725143_1472104321079981","2026-05-06T12:52:40+0000","Buen día que precio tiene??","","","","descartado","aplazado_por_limite","",""
"120244138808880189","glowbrush","1587720299725143_2530561190732208","2026-04-27T00:10:04+0000","Qué precio tiene","","","","descartado","aplazado_por_limite","",""
"120244138808880189","glowbrush","1587720299725143_1592689048884420","2026-05-02T19:07:56+0000","no lo mandan","","","","descartado","aplazado_por_limite","",""
"120244138808880189","glowbrush","1587720299725143_1286891010263108","2026-05-02T19:07:41+0000","no lo compren","","","","descartado","aplazado_por_limite","",""
"120244138808880189","glowbrush","1587720299725143_2116704502204432","2026-04-30T20:17:46+0000","Me interesa, qué  ofreció tiene??","","","","descartado","aplazado_por_limite","",""
"120244138808880189","glowbrush","1587720299725143_1464022401864832","2026-04-29T16:36:26+0000","pagas y no te lo mandan","","","","descartado","aplazado_por_limite","",""
"120250916046890189","soporte360","1699404755223363_1545054130149134","2026-09-01T21:20:42+0000","Precio","precio","es","","publica","","¡Hola! Te damos toda la información por WhatsApp para atenderte mejor 👉 https://wa.me/5214423621753?text=Hola%2C%20me%20interesa%20soporte",""
"120250916046890189","soporte360","1699404755223363_2066558567268981","2026-09-04T13:15:28+0000","El precio por favor","precio","es","","publica","","¡Hola! Te damos toda la información por WhatsApp para atenderte mejor 👉 https://wa.me/5214423621753?text=Hola%2C%20me%20interesa%20soporte",""
"120250916046890189","soporte360","1699404755223363_1986389925396776","2026-09-02T08:17:08+0000","Precios me interesa","precio","es","","publica","","¡Hola! Te damos toda la información por WhatsApp para atenderte mejor 👉 https://wa.me/5214423621753?text=Hola%2C%20me%20interesa%20soporte",""
"120250916046890189","soporte360","1699404755223363_1059611770140298","2026-09-03T17:01:49+0000","Cómo se llama ese porta célular","duda_producto","es","","solo_aviso","duda_solo_aviso","",""
"120250916046890189","soporte360","1699404755223363_1776033023579856","2026-08-21T17:07:11+0000","Cuanto vale","precio","es","","publica","","¡Hola! Te damos toda la información por WhatsApp para atenderte mejor 👉 https://wa.me/5214423621753?text=Hola%2C%20me%20interesa%20soporte",""
"120250916046890189","soporte360","1699404755223363_2456048164923071","2026-09-02T00:31:42+0000","Precio ppr fabor","","","","descartado","aplazado_por_limite","",""
"120250916046890189","soporte360","1699404755223363_4458630574390667","2026-08-20T17:58:36+0000","Yo quiero uno","","","","descartado","aplazado_por_limite","",""
"120250916046890189","soporte360","1699404755223363_1349945993887535","2026-09-05T14:16:32+0000","Cómo puedo conseguir una","","","","descartado","aplazado_por_limite","",""
"120250916046890189","soporte360","1699404755223363_38481489648132368","2026-09-01T17:56:54+0000","Que precio tiene","","","","descartado","aplazado_por_limite","",""
"120250916046890189","soporte360","1699404755223363_2608765012900639","2026-09-01T23:18:54+0000","Asi sera su costo","","","","descartado","aplazado_por_limite","",""
"120250916046890189","soporte360","1699404755223363_1024091387341407","2026-09-05T19:54:51+0000","Precio","","","","descartado","aplazado_por_limite","",""
"120250916046890189","soporte360","1699404755223363_1402863585384775","2026-09-04T20:03:47+0000","precio","","","","descartado","aplazado_por_limite","",""
"120250916046890189","soporte360","1699404755223363_1589341859495075","2026-09-02T17:45:40+0000","Que precio","","","","descartado","aplazado_por_limite","",""
"120250916046890189","soporte360","1699404755223363_1065427036342293","2026-09-01T22:40:18+0000","Precio","","","","descartado","aplazado_por_limite","",""
"120250916046890189","soporte360","1699404755223363_1609449030524501","2026-09-02T23:35:32+0000","Quiero uno que precio tiene","","","","descartado","aplazado_por_limite","",""
"120250916046890189","soporte360","1699404755223363_1778099767248040","2026-09-02T07:19:03+0000","Qué precio tiene","","","","descartado","aplazado_por_limite","",""
"120250916046890189","soporte360","1699404755223363_898390059731711","2026-09-02T00:10:15+0000","Hola buenas tardes que precio tiene","","","","descartado","aplazado_por_limite","",""
"120250916046890189","soporte360","1699404755223363_1612364200512360","2026-09-01T12:27:44+0000","","","","","descartado","vacio","",""
"120250916046890189","soporte360","1699404755223363_1065264926248693","2026-09-04T23:34:28+0000","Buenas tardes que precio tiene y como se pide","","","","descartado","aplazado_por_limite","",""
"120250916046890189","soporte360","1699404755223363_2744138335981018","2026-09-04T13:04:46+0000","Algo que no entiendo🤷🏻 si esta la pantalla lo se para que quieres poner el celular 🤦🏻😆 que alguien me explique 🤷🏻💪🏼","","","","descartado","aplazado_por_limite","",""
"120250916046850189","soporte360","1699404745223364_3220995051426306","2026-08-21T17:55:08+0000","Ptecio","precio","es","","publica","","¡Hola! Te damos toda la información por WhatsApp para atenderte mejor 👉 https://wa.me/5214423621753?text=Hola%2C%20me%20interesa%20soporte",""
"120250916046850189","soporte360","1699404745223364_1037772185926572","2026-09-04T17:44:33+0000","Presio porfa","precio","es","","publica","","¡Hola! Te damos toda la información por WhatsApp para atenderte mejor 👉 https://wa.me/5214423621753?text=Hola%2C%20me%20interesa%20soporte",""
"120250916046850189","soporte360","1699404745223364_889878790672730","2026-09-04T22:31:45+0000","El problema ke tapa el aire del clima","queja","es","","solo_aviso","queja_solo_aviso","",""
"120250916046850189","soporte360","1699404745223364_1054169540734946","2026-09-01T20:32:09+0000","Precio por fabor","precio","es","","publica","","¡Hola! Te damos toda la información por WhatsApp para atenderte mejor 👉 https://wa.me/5214423621753?text=Hola%2C%20me%20interesa%20soporte",""
"120250916046850189","soporte360","1699404745223364_1724936538753481","2026-09-01T22:46:53+0000","Pero carga cualquier celular","duda_producto","es","","solo_aviso","duda_solo_aviso","",""
"120250916046850189","soporte360","1699404745223364_4696902277208184","2026-08-22T14:27:52+0000","Esta muy buena","","","","descartado","aplazado_por_limite","",""
"120250916046850189","soporte360","1699404745223364_3188306358030291","2026-09-05T02:54:48+0000","Kiero uno","","","","descartado","aplazado_por_limite","",""
"120250916046850189","soporte360","1699404745223364_1542363303684785","2026-08-21T15:48:31+0000","entregan a nuevo laredo tamaulipas","","","","descartado","aplazado_por_limite","",""
"120250916046850189","soporte360","1699404745223364_1716807526107247","2026-08-22T20:36:26+0000","De por sí chocan por distracciones al volante","","","","descartado","aplazado_por_limite","",""
"120250916046850189","soporte360","1699404745223364_936090292338824","2026-08-19T20:17:38+0000","Precio","","","","descartado","aplazado_por_limite","",""
"120250916046850189","soporte360","1699404745223364_1757584712053745","2026-08-19T14:41:59+0000","Precio por favor","","","","descartado","aplazado_por_limite","",""
"120250916046850189","soporte360","1699404745223364_1447268850793197","2026-08-19T16:40:20+0000","Buen día que precio tiene ocupo uno","","","","descartado","aplazado_por_limite","",""
"120250916046850189","soporte360","1699404745223364_2111183209773841","2026-09-02T06:29:17+0000","Tiene envíos a saltillo coahuila","","","","descartado","aplazado_por_limite","",""
"120250916046850189","soporte360","1699404745223364_1574307931155199","2026-09-01T13:46:59+0000","¿Será tan complicado poner el precio?","","","","descartado","aplazado_por_limite","",""
"120250916046850189","soporte360","1699404745223364_2805494513170029","2026-09-02T04:12:37+0000","Precio","","","","descartado","aplazado_por_limite","",""
"120250916046850189","soporte360","1699404745223364_2441612442992636","2026-09-02T03:38:13+0000","Precio","","","","descartado","aplazado_por_limite","",""
"120250916046850189","soporte360","1699404745223364_1532197441925554","2026-09-01T17:51:54+0000","Precio","","","","descartado","aplazado_por_limite","",""
"120250916046850189","soporte360","1699404745223364_907134452154487","2026-09-03T10:32:14+0000","precio","","","","descartado","aplazado_por_limite","",""
"120250916772360189","filtroagua","1711921397305032_1730948684855946","2026-09-03T01:28:18+0000","Pero no tiene serbicio foreania","otro","es","","no_publica","clase_otro","",""
"120250916772360189","filtroagua","1711921397305032_2065295097460085","2026-09-02T15:05:38+0000","Precio","precio","es","","publica","","¡Hola! Te damos toda la información por WhatsApp para atenderte mejor 👉 https://wa.me/5214423621753?text=Hola%2C%20me%20interesa%20filtro",""
"120250916772360189","filtroagua","1711921397305032_1113734164559637","2026-09-02T00:44:49+0000","CUÁNTO CUESTA","precio","es","","publica","","¡Hola! Te damos toda la información por WhatsApp para atenderte mejor 👉 https://wa.me/5214423621753?text=Hola%2C%20me%20interesa%20filtro",""
"120250916772360189","filtroagua","1711921397305032_1113946451576014","2026-09-02T19:58:43+0000","Precio xfavor","precio","es","","publica","","¡Hola! Te damos toda la información por WhatsApp para atenderte mejor 👉 https://wa.me/5214423621753?text=Hola%2C%20me%20interesa%20filtro",""
"120250916772360189","filtroagua","1711921397305032_2557223184725812","2026-09-01T22:54:18+0000","Dime el precio","precio","es","","publica","","¡Hola! Te damos toda la información por WhatsApp para atenderte mejor 👉 https://wa.me/5214423621753?text=Hola%2C%20me%20interesa%20filtro",""
"120250916772360189","filtroagua","1711921397305032_1601480184708021","2026-09-04T15:48:44+0000","Y dónde se consigue la piedra posteriormente o refacciones?","","","","descartado","aplazado_por_limite","",""
"120250916772360189","filtroagua","1711921397305032_28040493795619563","2026-09-01T22:22:32+0000","Se adapta la llave normal por qué no tengo grifo","","","","descartado","aplazado_por_limite","",""
"120250916772360189","filtroagua","1711921397305032_971874175934007","2026-09-06T01:10:28+0000","No filtra el agua para hacerla potable, sólo retiene la basura.","","","","descartado","aplazado_por_limite","",""
"120250916772360189","filtroagua","1711921397305032_1392345355650314","2026-09-02T18:38:32+0000","Comoooo comprarlo para comoquiera hervir el agua???? 1 entonces que caso tiene","","","","descartado","aplazado_por_limite","",""
"120250916772360189","filtroagua","1711921397305032_2418520978674428","2026-09-04T17:13:00+0000","Más barato en temu","","","","descartado","aplazado_por_limite","",""
"120250916772360189","filtroagua","1711921397305032_2511512129409782","2026-09-05T13:02:06+0000","precio","","","","descartado","aplazado_por_limite","",""
"120250916772360189","filtroagua","1711921397305032_2325417361198439","2026-09-04T17:13:23+0000","Más barato en temu","","","","descartado","aplazado_por_limite","",""
"120250916772360189","filtroagua","1711921397305032_1432075968790493","2026-09-03T23:13:06+0000","Holi","","","","descartado","aplazado_por_limite","",""
"120250916772360189","filtroagua","1711921397305032_1365303282336459","2026-09-05T02:03:04+0000","Precio por favor 🙏","","","","descartado","aplazado_por_limite","",""
"120250916772360189","filtroagua","1711921397305032_4906676669646856","2026-09-01T20:12:40+0000","Cómo que lo recomendable es hervirla al sacar el agua antes de beberla.??? Entonces para qué sirve el filtro.??? Esto no funciona.!!! Tendré que hervir agua diario y almacenarla para tener siempre agua puroficada.!!! No, no me gusta. Me causa más trabajo y gasto.","","","","descartado","aplazado_por_limite","",""
"120250916964390189","filtroagua","1711921417305030_2260624228120964","2026-09-05T17:09:17+0000","Y el remplazo del filtro uds también lo venden","precio","es","","publica","","¡Hola! Te damos toda la información por WhatsApp para atenderte mejor 👉 https://wa.me/5214423621753?text=Hola%2C%20me%20interesa%20filtro",""
"120250916964390189","filtroagua","1711921417305030_28285834454409867","2026-09-06T04:37:52+0000","Precio por favor","precio","es","","publica","","¡Hola! Te damos toda la información por WhatsApp para atenderte mejor 👉 https://wa.me/5214423621753?text=Hola%2C%20me%20interesa%20filtro",""
"120250916964390189","filtroagua","1711921417305030_1201958986343488","2026-09-06T01:16:02+0000","Cuanto cuesta","precio","es","","publica","","¡Hola! Te damos toda la información por WhatsApp para atenderte mejor 👉 https://wa.me/5214423621753?text=Hola%2C%20me%20interesa%20filtro",""
"120250916964390189","filtroagua","1711921417305030_1549659976848937","2026-09-06T01:47:47+0000","Adónde lo venden quiero uno","precio","es","","publica","","¡Hola! Te damos toda la información por WhatsApp para atenderte mejor 👉 https://wa.me/5214423621753?text=Hola%2C%20me%20interesa%20filtro",""
"120250916964390189","filtroagua","1711921417305030_2213433399213044","2026-09-05T23:30:45+0000","presio","precio","es","","publica","","¡Hola! Te damos toda la información por WhatsApp para atenderte mejor 👉 https://wa.me/5214423621753?text=Hola%2C%20me%20interesa%20filtro",""
"120250916964390189","filtroagua","1711921417305030_1419452083452178","2026-09-05T22:41:19+0000","Ya lo compre","","","","descartado","aplazado_por_limite","",""
"120250916964390189","filtroagua","1711921417305030_2462262227635035","2026-09-02T22:00:54+0000","Precio","","","","descartado","aplazado_por_limite","",""
"120250916964390189","filtroagua","1711921417305030_1039360028930269","2026-09-03T16:31:10+0000","Buenos días el costo y como es el envío","","","","descartado","aplazado_por_limite","",""
"120250916964390189","filtroagua","1711921417305030_2189995551939487","2026-09-06T12:43:15+0000","Precio","","","","descartado","aplazado_por_limite","",""
"120250916964390189","filtroagua","1711921417305030_1852262876125834","2026-09-06T02:10:11+0000","Colonia Infonavit Manzana 11-Lote.18 Comalcalco, Tabasco.","","","","descartado","aplazado_por_limite","",""
"120250916964390189","filtroagua","1711921417305030_28541856785501592","2026-09-03T02:27:21+0000","Grifo","","","","descartado","aplazado_por_limite","",""
"120250916964390189","filtroagua","1711921417305030_1073905818349003","2026-09-06T01:49:08+0000","Lo esperó en Colonia Infonavit  .Manzana 11 Lote 18 se los pagó en mi casa.","","","","descartado","aplazado_por_limite","",""
"120250916964390189","filtroagua","1711921417305030_1004221432633186","2026-09-06T01:06:58+0000","No es un filtro que haga agua potable, sólo la limpia de la basura.","","","","descartado","aplazado_por_limite","",""
"120250916964390189","filtroagua","1711921417305030_1064140219672089","2026-09-05T04:48:56+0000","No sirven ya los tengo note garantizan la compra","","","","descartado","aplazado_por_limite","",""
"120250916964390189","filtroagua","1711921417305030_1388474439432732","2026-09-01T20:55:11+0000","Ubicación por favor  Le mandé tres mensajes pidiendo ubicación y no tengo respuesta  No entiendo porque se promueven y no indican forma de adquirir su artículo","","","","descartado","aplazado_por_limite","",""
"120244138808830189","glowbrush","1587720376391802_2815638045451570","2026-04-29T02:04:28+0000","Precio y dónde lo venden??","precio","es","","publica","","¡Hola! Te damos toda la información por WhatsApp para atenderte mejor 👉 https://wa.me/5214423621753?text=Hola%2C%20me%20interesa%20cepillo",""
"120244138808830189","glowbrush","1587720376391802_1551570266382456","2026-04-28T19:23:21+0000","Que precio tiene y dónde lo puedo conseguir gracias","precio","es","","publica","","¡Hola! Te damos toda la información por WhatsApp para atenderte mejor 👉 https://wa.me/5214423621753?text=Hola%2C%20me%20interesa%20cepillo",""
"120244138808830189","glowbrush","1587720376391802_1697819228201526","2026-05-01T22:36:54+0000","Seca el cabello","duda_producto","es","","solo_aviso","duda_solo_aviso","",""
"120244138808830189","glowbrush","1587720376391802_1284978790408237","2026-04-30T13:08:56+0000","En mercado  libre  lo venden  cuesta  como  $400","otro","es","","no_publica","clase_otro","",""
"120244138808830189","glowbrush","1587720376391802_1692454211764890","2026-04-28T02:20:01+0000","Hola, cual es su precio?","precio","es","","publica","","¡Hola! Te damos toda la información por WhatsApp para atenderte mejor 👉 https://wa.me/5214423621753?text=Hola%2C%20me%20interesa%20cepillo",""
"120244138808830189","glowbrush","1587720376391802_2058034118088099","2026-05-10T11:05:06+0000","pensé era un consolador","","","","descartado","aplazado_por_limite","",""
"120244138808830189","glowbrush","1587720376391802_4463687663850177","2026-05-06T20:09:09+0000","😔🤔🤔","","","","descartado","sin_texto","",""
"120244138808830189","glowbrush","1587720376391802_963092976442099","2026-04-24T06:09:12+0000","Mejor regalo es que aprenda a abrir bien los ojos antes que las piernas","","","","descartado","aplazado_por_limite","",""
"120244138808830189","glowbrush","1587720376391802_3062251280630731","2026-04-30T04:55:53+0000","Wao","","","","descartado","aplazado_por_limite","",""
"120244138808830189","glowbrush","1587720376391802_2755642141465484","2026-05-06T23:23:42+0000","Pues deberían de decir precio y donde comprar parece que son adivinanzas","","","","descartado","aplazado_por_limite","",""
"120244138808830189","glowbrush","1587720376391802_1370457638241590","2026-05-01T18:20:06+0000",".","","","","descartado","demasiado_corto","",""
"120244138808830189","glowbrush","1587720376391802_35138230602492068","2026-04-28T20:12:06+0000","Que precio tiene?","","","","descartado","aplazado_por_limite","",""
"120244138808830189","glowbrush","1587720376391802_982146434320271","2026-04-25T20:01:51+0000","Que precio tiene gracias","","","","descartado","aplazado_por_limite","",""
"120250239290020189","glowbrush","1683441866819652_1608931447237811","2026-08-16T17:59:17+0000","Pero solo alacia.  No ondula para peinar?","duda_producto","es","","solo_aviso","duda_solo_aviso","",""
"120250239290020189","glowbrush","1683441866819652_1844042823226693","2026-08-17T13:25:28+0000","Ésta es la única herramienta que necesitas  para el cabello corto. ( redacción)","otro","es","","no_publica","clase_otro","",""
"120250239290020189","glowbrush","1683441866819652_1941001553232236","2026-08-14T21:02:18+0000","Cuánto tardan en enviar","duda_producto","es","entrega","solo_aviso","duda_solo_aviso","",""
"120250239290020189","glowbrush","1683441866819652_2391670148265513","2026-08-09T19:23:04+0000","Costo?","precio","es","","publica","","¡Hola! Te damos toda la información por WhatsApp para atenderte mejor 👉 https://wa.me/5214423621753?text=Hola%2C%20me%20interesa%20cepillo",""
"120250239290020189","glowbrush","1683441866819652_1583450069802038","2026-08-07T01:38:58+0000","Deseo comprar el cepillo y que me lo manden lo pagaría al recibir","precio","es","","publica","","¡Hola! Te damos toda la información por WhatsApp para atenderte mejor 👉 https://wa.me/5214423621753?text=Hola%2C%20me%20interesa%20cepillo",""
"120250239290020189","glowbrush","1683441866819652_2567634373708290","2026-08-03T14:32:08+0000","Precio","","","","descartado","aplazado_por_limite","",""
"120250239290020189","glowbrush","1683441866819652_2002365573749456","2026-08-09T02:58:14+0000","Yo lo pedí la semana pasada y aun no me llega..🤔🤔😔🤷😭🤨🌹","","","","descartado","aplazado_por_limite","",""
"120250239290020189","glowbrush","1683441866819652_4401633793313278","2026-08-09T15:09:41+0000","Solo  pelo corto","","","","descartado","aplazado_por_limite","",""
"120250239290020189","glowbrush","1683441866819652_1732670591318281","2026-08-01T16:57:33+0000","Preciooooooooooooooooooooooo","","","","descartado","aplazado_por_limite","",""
"120250239290020189","glowbrush","1683441866819652_1832296884602884","2026-08-06T19:59:49+0000","$$$","","","","descartado","demasiado_corto","",""
"120250239290020189","glowbrush","1683441866819652_1087256467062817","2026-08-08T18:41:16+0000","Cuánto cuesta","","","","descartado","aplazado_por_limite","",""
"120250239290020189","glowbrush","1683441866819652_1622596356224215","2026-08-14T16:14:22+0000","Uyy pelo corto","","","","descartado","aplazado_por_limite","",""
"120248504314430189","glowbrush","1649603043536868_2255939531809587","2026-06-30T20:57:56+0000","Pues yo no se lo veo muy bien el pelo, tal vez deberían pasar el cepillo 2 veces más","queja","es","","solo_aviso","queja_solo_aviso","",""
"120248504314430189","glowbrush","1649603043536868_2880144435652696","2026-06-29T16:05:40+0000","Precio y dónde se adquiere","precio","es","","publica","","¡Hola! Te damos toda la información por WhatsApp para atenderte mejor 👉 https://wa.me/5214423621753?text=Hola%2C%20me%20interesa%20cepillo",""
"120248504314430189","glowbrush","1649603043536868_2063679367691031","2026-06-28T18:09:00+0000","Precio y dónde lo venden","precio","es","","publica","","¡Hola! Te damos toda la información por WhatsApp para atenderte mejor 👉 https://wa.me/5214423621753?text=Hola%2C%20me%20interesa%20cepillo",""
"120248504314430189","glowbrush","1649603043536868_27633431759680832","2026-06-28T17:53:10+0000","Qué precio tiene el cepillo?","precio","es","","publica","","¡Hola! Te damos toda la información por WhatsApp para atenderte mejor 👉 https://wa.me/5214423621753?text=Hola%2C%20me%20interesa%20cepillo",""
"120248504314430189","glowbrush","1649603043536868_2057830358463026","2026-06-30T13:21:39+0000","Precio por favor gracias","precio","es","","publica","","¡Hola! Te damos toda la información por WhatsApp para atenderte mejor 👉 https://wa.me/5214423621753?text=Hola%2C%20me%20interesa%20cepillo",""
"120248504314430189","glowbrush","1649603043536868_875625552272848","2026-06-30T16:28:18+0000","Precio de fabmvor graciad","","","","descartado","aplazado_por_limite","",""
"120248504314430189","glowbrush","1649603043536868_1502908748243432","2026-06-22T20:12:16+0000","Precio?","","","","descartado","aplazado_por_limite","",""
"120248504314430189","glowbrush","1649603043536868_2516476095492536","2026-06-27T14:42:02+0000","Cual es el precio?","","","","descartado","aplazado_por_limite","",""
"120248504314430189","glowbrush","1649603043536868_1555099446272118","2026-06-28T18:52:39+0000","Precio","","","","descartado","aplazado_por_limite","",""
"120248504314430189","glowbrush","1649603043536868_1340320984098675","2026-06-28T17:55:55+0000","El cepillo Love Rush que cuesta?","","","","descartado","aplazado_por_limite","",""
"120248504314430189","glowbrush","1649603043536868_1001842639407689","2026-06-24T18:06:08+0000","Precio?","","","","descartado","aplazado_por_limite","",""
"120248504314430189","glowbrush","1649603043536868_2401577806994590","2026-06-27T02:48:09+0000","Puras mentirass","","","","descartado","aplazado_por_limite","",""
"120242777882820189","lucessolares","122183015462524031_825263073635094","2025-12-08T03:40:36+0000","Precio","precio","es","","publica","","¡Hola! Te damos toda la información por WhatsApp para atenderte mejor 👉 https://wa.me/5214423621753?text=Hola%2C%20me%20interesa%20luces",""
"120242777882820189","lucessolares","122183015462524031_1380621570242379","2025-12-08T19:05:02+0000","Precio?","precio","es","","publica","","¡Hola! Te damos toda la información por WhatsApp para atenderte mejor 👉 https://wa.me/5214423621753?text=Hola%2C%20me%20interesa%20luces",""
"120242777882820189","lucessolares","122183015462524031_845089234895622","2025-12-08T14:06:29+0000","Precio?","precio","es","","publica","","¡Hola! Te damos toda la información por WhatsApp para atenderte mejor 👉 https://wa.me/5214423621753?text=Hola%2C%20me%20interesa%20luces",""
"120242777882820189","lucessolares","122183015462524031_2668173753518746","2025-12-08T16:31:08+0000","Que periodo de vida tienen","duda_producto","es","vida_util","solo_aviso","duda_solo_aviso","",""
"120242777882820189","lucessolares","122183015462524031_1436156474695678","2025-12-06T16:26:48+0000","Donde se pueden adquirir en el Estado de Chihuahua??","precio","es","","publica","","¡Hola! Te damos toda la información por WhatsApp para atenderte mejor 👉 https://wa.me/5214423621753?text=Hola%2C%20me%20interesa%20luces",""
"120242777882820189","lucessolares","122183015462524031_1207894061483534","2025-12-06T14:47:29+0000","Precio","","","","descartado","aplazado_por_limite","",""
"120242777882820189","lucessolares","122183015462524031_33207595742164822","2025-12-08T22:15:45+0000","Precio y como las pido","","","","descartado","aplazado_por_limite","",""
"120242777882820189","lucessolares","122183015462524031_1221136133238638","2025-12-08T12:51:51+0000","Información","","","","descartado","aplazado_por_limite","",""
"120242777882820189","lucessolares","122183015462524031_1823888441656462","2025-12-08T20:08:42+0000","Precio?","","","","descartado","aplazado_por_limite","",""
"120242777882820189","lucessolares","122183015462524031_1376495610854713","2025-12-05T05:15:14+0000","Precio","","","","descartado","aplazado_por_limite","",""
"120242777882820189","lucessolares","122183015462524031_1516676116232545","2025-12-07T04:43:47+0000","Preció","","","","descartado","aplazado_por_limite","",""
"120242777882820189","lucessolares","122183015462524031_1878569962959902","2026-02-26T01:37:37+0000","Cómo los puedo adquirir","","","","descartado","aplazado_por_limite","",""
"120242777882820189","lucessolares","122183015462524031_1660354625324387","2026-02-27T16:59:43+0000","Son una porquería,prenden 2 noches y luego la pila no carga,la pila sola vale 135.oo","","","","descartado","aplazado_por_limite","",""
"120242777882820189","lucessolares","122183015462524031_2006740300189283","2026-02-27T21:37:09+0000","Garantía por cuanto tiempo???","","","","descartado","aplazado_por_limite","",""
"120242777882820189","lucessolares","122183015462524031_850444557455361","2026-03-29T06:23:39+0000","No lo compren es pura charlatanería....yo compré 30 y no me duraron nada....cómo dos meses y se queman con el sol y con el agua o en la sombra no funcionan......no compren","","","","descartado","aplazado_por_limite","",""
"120242777882820189","lucessolares","122183015462524031_1817494996308324","2025-12-08T15:06:46+0000","Precio y como lo adquiero","","","","descartado","aplazado_por_limite","",""
"120242777882820189","lucessolares","122183015462524031_1468499495003302","2026-02-26T23:29:24+0000","No compren sin un fraude , yo las compré me duraron menos de 1 semana , y ya no prenden","","","","descartado","aplazado_por_limite","",""
"120242777882820189","lucessolares","122183015462524031_1454878379705621","2026-03-01T18:42:53+0000","Que bonitosss! Quiero comprar!","","","","descartado","aplazado_por_limite","",""
"120242777882820189","lucessolares","122183015462524031_1999777940603843","2026-02-27T12:42:38+0000","Vámonos Compas!!!!","","","","descartado","aplazado_por_limite","",""
"120242777882820189","lucessolares","122183015462524031_2241663863033680","2026-03-29T06:17:46+0000","Son un verdadero fraude , no sirven duran muy poco tiempo","","","","descartado","aplazado_por_limite","",""
"120242777882820189","lucessolares","122183015462524031_806957055040403","2026-02-26T14:14:55+0000","Precio?","","","","descartado","aplazado_por_limite","",""
"120242777882820189","lucessolares","122183015462524031_1698314161156453","2026-02-25T21:01:00+0000","Cuanto tiempo duran prendidos","","","","descartado","aplazado_por_limite","",""
"120242777882820189","lucessolares","122183015462524031_1978770733065864","2026-02-25T21:37:13+0000","Presio porfa","","","","descartado","aplazado_por_limite","",""
"120242777882820189","lucessolares","122183015462524031_1803900943587342","2026-03-02T00:40:36+0000","Precio","","","","descartado","aplazado_por_limite","",""
"120250916166180189","vapormax","1711924737304698_2982918335383254","2026-09-04T14:24:20+0000","Que precio tiene","precio","es","","publica","","¡Hola! Te damos toda la información por WhatsApp para atenderte mejor 👉 https://wa.me/5214423621753?text=Hola%2C%20me%20interesa%20vapor",""
"120250916166180189","vapormax","1711924737304698_1643782753782702","2026-09-02T13:48:33+0000","Cuánto cuesta , donde se vende.","precio","es","","publica","","¡Hola! Te damos toda la información por WhatsApp para atenderte mejor 👉 https://wa.me/5214423621753?text=Hola%2C%20me%20interesa%20vapor",""
"120250916166180189","vapormax","1711924737304698_1410626787726760","2026-09-02T01:17:27+0000","Precio","precio","es","","publica","","¡Hola! Te damos toda la información por WhatsApp para atenderte mejor 👉 https://wa.me/5214423621753?text=Hola%2C%20me%20interesa%20vapor",""
"120250916166180189","vapormax","1711924737304698_1453802533303082","2026-09-05T12:38:38+0000","Favor poner precio","precio","es","","publica","","¡Hola! Te damos toda la información por WhatsApp para atenderte mejor 👉 https://wa.me/5214423621753?text=Hola%2C%20me%20interesa%20vapor",""
"120250916166180189","vapormax","1711924737304698_29125427520393920","2026-09-06T00:51:44+0000","Costo por favor","precio","es","","publica","","¡Hola! Te damos toda la información por WhatsApp para atenderte mejor 👉 https://wa.me/5214423621753?text=Hola%2C%20me%20interesa%20vapor",""
"120250916166180189","vapormax","1711924737304698_936741292203379","2026-09-01T21:03:18+0000","Precio y donde lo venden??","","","","descartado","aplazado_por_limite","",""
"120250916166180189","vapormax","1711924737304698_943250034837445","2026-09-05T13:39:16+0000","Cuanto cuesta me interesa  como la pido","","","","descartado","aplazado_por_limite","",""
"120250916166180189","vapormax","1711924737304698_2128664068529457","2026-09-04T18:17:42+0000","Disculpa que precio tiene","","","","descartado","aplazado_por_limite","",""
"120250916166180189","vapormax","1711924737304698_28181644768158577","2026-09-05T13:39:17+0000","Cuanto cuesta","","","","descartado","aplazado_por_limite","",""
"120250916166180189","vapormax","1711924737304698_1071218448630362","2026-09-05T12:39:05+0000","Precio x favor","","","","descartado","aplazado_por_limite","",""
"120250239290040189","glowbrush","1683442100152962_1732573484650902","2026-08-02T22:54:41+0000","Chafa cepillo","queja","es","","solo_aviso","queja_solo_aviso","",""
"120250239290040189","glowbrush","1683442100152962_1578143374012232","2026-08-13T16:23:22+0000","Alguien lo tiene qué tal","otro","es","","no_publica","clase_otro","",""
"120250239290040189","glowbrush","1683442100152962_1794952308335689","2026-08-15T21:53:53+0000","precio?","precio","es","","publica","","¡Hola! Te damos toda la información por WhatsApp para atenderte mejor 👉 https://wa.me/5214423621753?text=Hola%2C%20me%20interesa%20cepillo",""
"120250239290040189","glowbrush","1683442100152962_2028312484485817","2026-08-10T19:44:14+0000","Lo que pasa es que no se ve el cambio queda igual el cabello","queja","es","","solo_aviso","queja_solo_aviso","",""
"120250239290040189","glowbrush","1683442100152962_902145662448682","2026-08-03T03:06:28+0000","Q preciio.tiene  y si es recatgable o  funciona por medio d pilas ?","precio","es","","publica","","¡Hola! Te damos toda la información por WhatsApp para atenderte mejor 👉 https://wa.me/5214423621753?text=Hola%2C%20me%20interesa%20cepillo",""
"120250239290040189","glowbrush","1683442100152962_27857564877244874","2026-08-15T15:14:10+0000","Información","","","","descartado","aplazado_por_limite","",""
"120250239290040189","glowbrush","1683442100152962_1047822234288435","2026-08-01T16:19:38+0000","Q precio","","","","descartado","aplazado_por_limite","",""
"120250239290040189","glowbrush","1683442100152962_2011958509431100","2026-08-03T02:52:19+0000","Kiero uno xfa","","","","descartado","aplazado_por_limite","",""
"120250239290040189","glowbrush","1683442100152962_1660921581667128","2026-08-03T23:34:03+0000","Q precio tiene me puede decir por fa ?","","","","descartado","aplazado_por_limite","",""
"120250916046870189","soporte360","1699404735223365_1108784251498843","2026-09-05T14:03:56+0000","necesita ser iPhone  para que cargue estando hay","duda_producto","es","","solo_aviso","duda_solo_aviso","",""
"120250916046870189","soporte360","1699404735223365_2506001653202587","2026-09-03T04:17:03+0000","Cuanto vale","precio","es","","publica","","¡Hola! Te damos toda la información por WhatsApp para atenderte mejor 👉 https://wa.me/5214423621753?text=Hola%2C%20me%20interesa%20soporte",""
"120250916046870189","soporte360","1699404735223365_2298164867584010","2026-08-19T14:08:03+0000","Precio","precio","es","","publica","","¡Hola! Te damos toda la información por WhatsApp para atenderte mejor 👉 https://wa.me/5214423621753?text=Hola%2C%20me%20interesa%20soporte",""
"120250916046870189","soporte360","1699404735223365_2128707847855903","2026-09-05T02:34:05+0000","Justino","otro","otro","","no_publica","clase_otro","",""
"120250916046870189","soporte360","1699404735223365_1123481537021337","2026-09-06T03:52:46+0000","Precio","precio","es","","publica","","¡Hola! Te damos toda la información por WhatsApp para atenderte mejor 👉 https://wa.me/5214423621753?text=Hola%2C%20me%20interesa%20soporte",""
"120250916046870189","soporte360","1699404735223365_1729676308108576","2026-09-01T18:00:28+0000","¿Precio?","","","","descartado","aplazado_por_limite","",""
"120250916046870189","soporte360","1699404735223365_3448960045307639","2026-08-20T02:38:59+0000","Cuanto $","","","","descartado","aplazado_por_limite","",""
"120250916046870189","soporte360","1699404735223365_2258153791425775","2026-09-05T14:03:59+0000","ahi","","","","descartado","aplazado_por_limite","",""
"120250916964380189","filtroagua","1711921400638365_2110421399551496","2026-09-04T15:57:36+0000","Échale agua de la primera, y verás jajaajaaaja","otro","es","","no_publica","clase_otro","",""
"120250916964380189","filtroagua","1711921400638365_975152252262213","2026-09-04T00:24:13+0000","El precio cuánto cuesta","precio","es","","publica","","¡Hola! Te damos toda la información por WhatsApp para atenderte mejor 👉 https://wa.me/5214423621753?text=Hola%2C%20me%20interesa%20filtro",""
"120250916964380189","filtroagua","1711921400638365_1056513963840387","2026-09-04T21:03:15+0000","Información","precio","es","","publica","","¡Hola! Te damos toda la información por WhatsApp para atenderte mejor 👉 https://wa.me/5214423621753?text=Hola%2C%20me%20interesa%20filtro",""
"120250916964380189","filtroagua","1711921400638365_1554827476329335","2026-09-05T14:58:59+0000","Quiero saber precio","precio","es","","publica","","¡Hola! Te damos toda la información por WhatsApp para atenderte mejor 👉 https://wa.me/5214423621753?text=Hola%2C%20me%20interesa%20filtro",""
"120250916964380189","filtroagua","1711921400638365_1584096062638774","2026-09-04T16:57:10+0000","Quita los metales pesados???","duda_producto","es","","solo_aviso","duda_solo_aviso","",""
"120250916964380189","filtroagua","1711921400638365_1713287303081866","2026-09-03T21:59:51+0000","Más barato en temu","","","","descartado","aplazado_por_limite","",""
"120250916964380189","filtroagua","1711921400638365_1398589939115621","2026-09-04T21:03:57+0000","Costo e información completa por favor","","","","descartado","aplazado_por_limite","",""
"120249911421320189","glowbrush","1672074054623100_3494594254050594","2026-07-23T15:42:23+0000","Precio, Forma de Pago por favor","","","","descartado","ya_respondido","",""
"120249911421320189","glowbrush","1672074054623100_1017383444542504","2026-07-22T23:03:18+0000","Precio","","","","descartado","ya_respondido","",""
"120249911421320189","glowbrush","1672074054623100_1051794897314966","2026-07-22T00:34:53+0000","Precio por favor","","","","descartado","ya_respondido","",""
"120249911421320189","glowbrush","1672074054623100_1749340619819599","2026-07-19T16:35:18+0000","Precio y no me diga que por inbox , si dicen opinlican ago den precio, como va a saber uno cuánto cuesta y si lo puedo comprar","","","","descartado","ya_respondido","",""
"120249911421320189","glowbrush","1672074054623100_1691077768836254","2026-07-24T14:54:32+0000","Precio por favor","precio","es","","publica","","¡Hola! Te damos toda la información por WhatsApp para atenderte mejor 👉 https://wa.me/5214423621753?text=Hola%2C%20me%20interesa%20cepillo",""
"120249911421320189","glowbrush","1672074054623100_1034842056185883","2026-07-25T20:03:07+0000","Jajajaja no lo compres es Chino","queja","es","","solo_aviso","queja_solo_aviso","",""
"120249911421320189","glowbrush","1672074054623100_3480109155493917","2026-07-25T16:21:27+0000","No sirve es china","queja","es","","solo_aviso","queja_solo_aviso","",""
"120246454398530189","glowbrush","1625451689285337_36473021092296332","2026-05-29T02:44:58+0000","Que precio tiene","precio","es","","publica","","¡Hola! Te damos toda la información por WhatsApp para atenderte mejor 👉 https://wa.me/5214423621753?text=Hola%2C%20me%20interesa%20cepillo",""
"120246454398530189","glowbrush","1625451689285337_1632520304683902","2026-05-28T15:41:13+0000","El precio por favor","precio","es","","publica","","¡Hola! Te damos toda la información por WhatsApp para atenderte mejor 👉 https://wa.me/5214423621753?text=Hola%2C%20me%20interesa%20cepillo",""
"120246454398530189","glowbrush","1625451689285337_2084584492413893","2026-05-29T00:20:20+0000","Informacion x favor","otro","es","","no_publica","clase_otro","",""
"120246454398530189","glowbrush","1625451689285337_920563231013481","2026-05-26T05:46:36+0000","Precio x favor","precio","es","","publica","","¡Hola! Te damos toda la información por WhatsApp para atenderte mejor 👉 https://wa.me/5214423621753?text=Hola%2C%20me%20interesa%20cepillo",""
"120246454398530189","glowbrush","1625451689285337_1637745450672799","2026-05-26T04:16:36+0000","Cómo sé carga??","duda_producto","es","","solo_aviso","duda_solo_aviso","",""
"120246454398530189","glowbrush","1625451689285337_1017979614523540","2026-05-25T21:33:13+0000","QUE COSTO TIENE  ???  POR FAVOR GRACIAS","","","","descartado","aplazado_por_limite","",""
"120250916447960189","vapormax","1711924747304697_2331699187601861","2026-09-05T16:24:06+0000","Dónde lo compró o cómo? Lo consigo.","precio","es","","publica","","¡Hola! Te damos toda la información por WhatsApp para atenderte mejor 👉 https://wa.me/5214423621753?text=Hola%2C%20me%20interesa%20vapor",""
"120250916447960189","vapormax","1711924747304697_1060425399768592","2026-09-05T03:29:38+0000","Se les sale el vapor por todos lados, me queme al oprimir el botón de la salida vapor","queja","es","","solo_aviso","queja_solo_aviso","",""
"120250916447960189","vapormax","1711924747304697_1057456080405821","2026-09-06T14:21:41+0000","Precio y  como lo puedo conseguir y pagar","precio","es","","publica","","¡Hola! Te damos toda la información por WhatsApp para atenderte mejor 👉 https://wa.me/5214423621753?text=Hola%2C%20me%20interesa%20vapor",""
"120250916447960189","vapormax","1711924747304697_1545371820236402","2026-09-05T22:13:29+0000","Pongan el precio","precio","es","","publica","","¡Hola! Te damos toda la información por WhatsApp para atenderte mejor 👉 https://wa.me/5214423621753?text=Hola%2C%20me%20interesa%20vapor",""
"120250916447960189","vapormax","1711924747304697_1594060839109023","2026-09-01T20:03:40+0000","Costó y ubicación","precio","es","","publica","","¡Hola! Te damos toda la información por WhatsApp para atenderte mejor 👉 https://wa.me/5214423621753?text=Hola%2C%20me%20interesa%20vapor",""
"120250916447960189","vapormax","1711924747304697_1611254517323120","2026-09-02T16:59:58+0000","Costo","","","","descartado","aplazado_por_limite","",""
"120250725425850189","cojinalivia","1700266775137161_1501276275018226","2026-08-19T17:22:10+0000","En cuanto sale","precio","es","","publica","","¡Hola! Te damos toda la información por WhatsApp para atenderte mejor 👉 https://wa.me/5214423621753?text=Hola%2C%20me%20interesa%20cojin",""
"120250725425850189","cojinalivia","1700266775137161_1662826522229283","2026-08-19T17:55:22+0000","Digan información concreta de dónde lo venden o donde la puedo adquirir y cuál sería el costo","precio","es","","publica","","¡Hola! Te damos toda la información por WhatsApp para atenderte mejor 👉 https://wa.me/5214423621753?text=Hola%2C%20me%20interesa%20cojin",""
"120250725425850189","cojinalivia","1700266775137161_1033191463036970","2026-08-19T19:58:56+0000","Q precio tiene y como se consigue?","precio","es","","publica","","¡Hola! Te damos toda la información por WhatsApp para atenderte mejor 👉 https://wa.me/5214423621753?text=Hola%2C%20me%20interesa%20cojin",""
"120250725425850189","cojinalivia","1700266775137161_1460897229199190","2026-08-20T14:52:18+0000","Considero que eres una perrita chihuahueña que ladras mucho para llamar la atención y veo que eres muy pendeja como todos los que realisan videos..  no tanto ladridos perra  ..dirección dónde lo vende un # telefónico para pedir informes y indica pago contra entrega ... Si no lo hacen sin estafadores o rateros te lo espresa el dragón 🐉 ui","queja","es","","solo_aviso","queja_solo_aviso","",""
"120250725425850189","cojinalivia","1700266775137161_1589496522845143","2026-08-19T17:29:09+0000","Pongan el precio??? Siempre lo mismo","queja","es","","solo_aviso","queja_solo_aviso","",""
"120251011204280189","aspiradora","1715492226947949_1073780328394512","2026-09-06T00:39:04+0000","Pero en ese lugar tapa el aire del clima .....","queja","es","","solo_aviso","queja_solo_aviso","",""
"120251011204280189","aspiradora","1715492226947949_1101938385744743","2026-09-06T04:59:33+0000","Es unfraude eso cuesta menos de 200 pesos busquen y beran","queja","es","","solo_aviso","queja_solo_aviso","",""
"120251011204280189","aspiradora","1715492226947949_1548084086556605","2026-09-05T22:24:15+0000","Pongan el precio. Jtodo junto  no manchen","queja","es","","solo_aviso","queja_solo_aviso","",""
"120251011204320189","aspiradora","1715492236947948_1105942988587623","2026-09-05T20:26:19+0000","No Sirve","queja","es","","solo_aviso","queja_solo_aviso","",""
"120251011204320189","aspiradora","1715492236947948_1547757993340149","2026-09-06T10:13:24+0000","tienen entregas en San Luis Potosí?","precio","es","","publica","","¡Hola! Te damos toda la información por WhatsApp para atenderte mejor 👉 https://wa.me/5214423621753?text=Hola%2C%20me%20interesa%20aspiradora",""
"120251011204320189","aspiradora","1715492236947948_1620601716440972","2026-09-06T05:16:32+0000","Mucho ojo donde compras, yo encargue un producto similar en una empresa que se hace llamar CUBO SHOP MX y el producto que me enviaron nada que ver con las características ofrecidas en el promocional por  lo que solicité la devolución y no le dieron seguimiento solo me dejaron en visto. CUBO SHOP MX: cero en atención a clientes CUBO SHOP MX: no cumple lo que ofrece. CUBO SHOP MX: empresa fraudulenta.  COMPARTE","queja","es","","solo_aviso","queja_solo_aviso","",""
"120250239290050189","glowbrush","1683442056819633_1076207228310475","2026-07-31T16:57:49+0000","No lo q","otro","es","","no_publica","clase_otro","",""
"120250239290050189","glowbrush","1683442056819633_1666267717807960","2026-08-01T14:45:32+0000","Excelente","otro","es","","no_publica","clase_otro","",""
"120250239290050189","glowbrush","1683442056819633_1652309423053759","2026-07-31T23:02:39+0000","Malísimo.   Un fraude","queja","es","","solo_aviso","queja_solo_aviso","",""
"120247511013500189","glowbrush","1645301270633712_1031781476053741","2026-06-18T01:55:24+0000","Precio por fa","precio","es","","publica","","¡Hola! Te damos toda la información por WhatsApp para atenderte mejor 👉 https://wa.me/5214423621753?text=Hola%2C%20me%20interesa%20cepillo",""
"120247511013500189","glowbrush","1645301270633712_1567763054874659","2026-06-20T10:59:44+0000","Carisimo no inventes","queja","es","","solo_aviso","queja_solo_aviso","",""
"120247511013500189","glowbrush","1645301270633712_1711929100001106","2026-06-18T14:32:36+0000","Client bill mentira yo las uso y no le hago tanto al cuento las que están ahí son pendejas o qué es lo que les pasae","queja","es","","solo_aviso","queja_solo_aviso","",""
"120244138808860189","glowbrush","1625453279285178_4403102743286815","2026-05-28T16:24:11+0000","Fantastico yo acabo de pedirlo mi cabello es corto","otro","es","","no_publica","clase_otro","",""
"120244138808860189","glowbrush","1625453279285178_1676878643513397","2026-05-29T02:30:19+0000","Cuánto sale el cepillo y el envío","precio","es","","publica","","¡Hola! Te damos toda la información por WhatsApp para atenderte mejor 👉 https://wa.me/5214423621753?text=Hola%2C%20me%20interesa%20cepillo",""
"120244138808860189","glowbrush","1625453279285178_3258747897638893","2026-05-28T21:00:59+0000","Mala compra. No es cierto lo que anuncian.","queja","es","","solo_aviso","queja_solo_aviso","",""
"120251011204260189","aspiradora","1715492193614619_1589259799266837","2026-09-06T04:16:38+0000","No funcionas ,no sirven","queja","es","","solo_aviso","queja_solo_aviso","",""
"120251011204260189","aspiradora","1715492193614619_1058172153801356","2026-09-05T19:21:30+0000","Puras cosas que no pesan nada","queja","es","","solo_aviso","queja_solo_aviso","",""
"120250991821570189","noctivelle","1714250910405414_1608247320845800","2026-09-04T17:55:48+0000","Que precio tiene","precio","es","","publica","","¡Hola! Te damos toda la información por WhatsApp para atenderte mejor 👉 https://wa.me/5214423621753?text=Hola%2C%20me%20interesa%20mascarilla",""
"120250991821570189","noctivelle","1714250910405414_1583481006609895","2026-09-04T17:56:21+0000","Cómo la puedo comprar","precio","es","","publica","","¡Hola! Te damos toda la información por WhatsApp para atenderte mejor 👉 https://wa.me/5214423621753?text=Hola%2C%20me%20interesa%20mascarilla",""
"120250916447950189","vapormax","1711924757304696_1601716158185347","2026-09-03T14:50:36+0000","precios.","precio","es","","publica","","¡Hola! Te damos toda la información por WhatsApp para atenderte mejor 👉 https://wa.me/5214423621753?text=Hola%2C%20me%20interesa%20vapor",""
"120250916447950189","vapormax","1711924757304696_1108870161626505","2026-09-04T13:37:22+0000","Se ve muy buena pero, hay q manejarla manualmente, pudiera ser de ruedas y solamente manejar la manguera y sus piesas, por aquello de la edad, más difícil cargar el recipiente","duda_producto","es","","solo_aviso","duda_solo_aviso","",""
"120249937038500189","glowbrush","1673134057850433_2162310794696815","2026-07-23T13:08:06+0000","No sirve ni lo compre 😔","","","","descartado","ya_respondido","",""
"120249937038500189","glowbrush","1673134057850433_27401253416224348","2026-07-23T04:10:45+0000","Precioso por favor","","","","descartado","ya_respondido","",""
"120249911421340189","glowbrush","1672074057956433_1573926510907055","2026-07-19T00:57:06+0000","PRECIO XFAVOR Y ES PAGO CONTRA ENTREGA.???","precio","es","","publica","","¡Hola! Te damos toda la información por WhatsApp para atenderte mejor 👉 https://wa.me/5214423621753?text=Hola%2C%20me%20interesa%20cepillo",""
"120249911421340189","glowbrush","1672074057956433_1913522745984044","2026-07-19T02:57:26+0000","Por qué para anunciar un producto actual como tontas","queja","es","","solo_aviso","queja_solo_aviso","",""
"120248506935490189","glowbrush","1651316320032207_2070098877275917","2026-06-25T22:11:01+0000","Precios","precio","es","","publica","","¡Hola! Te damos toda la información por WhatsApp para atenderte mejor 👉 https://wa.me/5214423621753?text=Hola%2C%20me%20interesa%20cepillo",""
"120248506935490189","glowbrush","1651316320032207_1358416442837583","2026-06-24T23:36:44+0000","Donde  se  consigue  ?","precio","es","","publica","","¡Hola! Te damos toda la información por WhatsApp para atenderte mejor 👉 https://wa.me/5214423621753?text=Hola%2C%20me%20interesa%20cepillo",""
"120249679598890756","cojinalivia","122207284076524031_2272777723518318","2026-07-25T10:06:15+0000","Hola es bueno para hemorroides","duda_producto","es","","solo_aviso","duda_solo_aviso","",""
"120249679598890756","cojinalivia","122207284076524031_2240480083470005","2026-08-05T20:19:46+0000","Bueno a ver. Yo quiero 1. Y como no tengo sensibilidad en los dedos? O sin querer le da 2 veces. Y me gusta comprar y me van a mandar 3 sillones ortopédicos yo no quiero 3. Quiero 1. Qué por desgracia tengo sensibilidad en el dedo? Muchas gracias. Si me dices vuelvo hacer el pedido, pero otros no me manden 1. Ortopédico","otro","es","","no_publica","clase_otro","",""
"120249679598890756","cojinalivia","122207284076524031_2414718018938802","2026-07-31T21:10:15+0000","Compre un cocinero de estos y me enviaron otro","queja","es","","solo_aviso","queja_solo_aviso","",""
"120249679598890756","cojinalivia","122207284076524031_918616123895212","2026-07-26T18:15:05+0000","Dónde puedo comprar","precio","es","","publica","","¡Hola! Te damos toda la información por WhatsApp para atenderte mejor 👉 https://wa.me/5214423621753?text=Hola%2C%20me%20interesa%20cojin",""
"120249679598890756","cojinalivia","122207284076524031_1422067516580205","2026-08-07T17:44:11+0000","LO HE DICHO HASTA LA SACIEDAD.  ES UNA ESTAFA.","queja","es","","solo_aviso","queja_solo_aviso","",""
"120249679598890756","cojinalivia","122207284076524031_1089504587084724","2026-08-07T08:51:43+0000","Falso. Te mandan cualquier cosa y te sacan demasiado dinero. Falso, fraude, sinverguenzas......","","","","descartado","aplazado_por_limite","",""
"120249679598890756","cojinalivia","122207284076524031_1947247762557680","2026-08-06T17:48:11+0000","PROPAGANDA ENGAÑOSA.","","","","descartado","aplazado_por_limite","",""
"120249679598890756","cojinalivia","122207284076524031_1979379786190593","2026-07-30T08:14:52+0000","Es estafa no t mamdan lo k venden","","","","descartado","aplazado_por_limite","",""
"120249679598890756","cojinalivia","122207284076524031_28206492292276163","2026-07-27T08:57:47+0000","Si lo as probado no agas propaganda porqué y es una porquería yo lo e comprado son unos enbusteros","","","","descartado","aplazado_por_limite","",""
"120249679598890756","cojinalivia","122207284076524031_1005694779132023","2026-07-25T10:42:01+0000","ESTAFA TOTAL.","","","","descartado","aplazado_por_limite","",""
"120242777219450189","glowbrush","122182741634524031_1383761433370651","2025-12-05T21:11:02+0000","Precio?","precio","es","","publica","","¡Hola! Te damos toda la información por WhatsApp para atenderte mejor 👉 https://wa.me/5214423621753?text=Hola%2C%20me%20interesa%20cepillo",""
"120242777219450189","glowbrush","122182741634524031_1521350639092899","2025-12-02T23:01:11+0000","Precio por favor","precio","es","","publica","","¡Hola! Te damos toda la información por WhatsApp para atenderte mejor 👉 https://wa.me/5214423621753?text=Hola%2C%20me%20interesa%20cepillo",""
"120242777219450189","glowbrush","122182741634524031_736617215549374","2025-12-06T05:16:01+0000","Precio","precio","es","","publica","","¡Hola! Te damos toda la información por WhatsApp para atenderte mejor 👉 https://wa.me/5214423621753?text=Hola%2C%20me%20interesa%20cepillo",""
"120242777882870189","lucessolares","122183015288524031_1380974537054098","2025-12-08T15:59:48+0000","Cuál es su precio","precio","es","","publica","","¡Hola! Te damos toda la información por WhatsApp para atenderte mejor 👉 https://wa.me/5214423621753?text=Hola%2C%20me%20interesa%20luces",""
"120242777882870189","lucessolares","122183015288524031_1236791821614771","2025-12-06T17:49:10+0000","Que tiempo duran o son desechables desechables","duda_producto","es","vida_util","solo_aviso","duda_solo_aviso","",""
"120242777219440189","glowbrush","122182741784524031_1151641780508156","2025-12-06T04:43:26+0000","Precio","precio","es","","publica","","¡Hola! Te damos toda la información por WhatsApp para atenderte mejor 👉 https://wa.me/5214423621753?text=Hola%2C%20me%20interesa%20cepillo",""
"120242777219440189","glowbrush","122182741784524031_24999477573084817","2025-12-04T01:07:04+0000","Inf","otro","otro","","no_publica","clase_otro","",""
"120242777219410189","glowbrush","122182741682524031_856876133495437","2025-12-05T02:36:14+0000","Funciona con pilas","duda_producto","es","","solo_aviso","duda_solo_aviso","",""
"120242777219410189","glowbrush","122182741682524031_1509665866924083","2025-12-03T04:57:50+0000","Que precio tiene","precio","es","","publica","","¡Hola! Te damos toda la información por WhatsApp para atenderte mejor 👉 https://wa.me/5214423621753?text=Hola%2C%20me%20interesa%20cepillo",""
"120249357604080756","cojinalivia","122207955176524031_1572557131177299","2026-07-30T03:00:04+0000","Encargué uno y me llegó uno plano","queja","es","","solo_aviso","queja_solo_aviso","",""
"120249357604080756","cojinalivia","122207955176524031_1307516034535384","2026-07-30T19:47:30+0000","No ma dan lo que compras,a mi me mandaron una basura","queja","es","","solo_aviso","queja_solo_aviso","",""
"120249347450630756","noctivelle","122207894108524031_2546868582413607","2026-07-28T18:49:54+0000","Creeré cuando pongan una modelo de 60 años en adelante","queja","es","","solo_aviso","queja_solo_aviso","",""
"120249347450630756","noctivelle","122207894108524031_1067989645752901","2026-07-28T22:40:33+0000","Donde la venden","precio","es","","publica","","¡Hola! Te damos toda la información por WhatsApp para atenderte mejor 👉 https://wa.me/5214423621753?text=Hola%2C%20me%20interesa%20mascarilla",""
"120242777960890189","vapormax","122183675780524031_25614984811428335","2025-12-10T18:23:02+0000","Como estar seguro que enviaran el que anuncian en el video","otro","es","","no_publica","clase_otro","",""
"120242777960870189","vapormax","122183675690524031_1261295256138263","2025-12-10T18:25:19+0000","Tienen envíos a sonora?","precio","es","","publica","","¡Hola! Te damos toda la información por WhatsApp para atenderte mejor 👉 https://wa.me/5214423621753?text=Hola%2C%20me%20interesa%20vapor",""
"120249723371960756","cojinalivia","122209269272524031_1077477291888250","2026-08-08T06:31:56+0000","Me llegó ayer , día 7 , estoy encantada , lo puse en el coche 👍👍👍 viaje de maravilla 👋👋👋","otro","es","","no_publica","clase_otro","",""
"120249295095470756","cojinalivia","122207650256524031_1362129805254150","2026-07-27T12:58:19+0000","Mejor ya no duermas","otro","es","","no_publica","clase_otro","",""
"120249295095500756","cojinalivia","122207650244524031_1425421346309055","2026-07-27T05:47:58+0000","Estafadores,solo mandan el cojín no el respaldo.","queja","es","","solo_aviso","queja_solo_aviso","",""
"120249248630160756","cojinalivia","122207283890524031_3532618586916828","2026-07-24T14:14:21+0000","Yo me encuentro en gañada y singue sin comunicarse con migo 📥 medio coguin primero de Junio reclame y digueron que lo areglaria pero sigo esperando ?😡😡","queja","es","","solo_aviso","queja_solo_aviso","",""
"120246732626820756","cojinalivia","122202422084524031_962106483527289","2026-06-11T14:40:57+0000","No me ha  Servido de nada","queja","es","","solo_aviso","queja_solo_aviso","",""
"120250725842070189","cojinalivia","1700266718470500_4521896128032981","2026-08-20T13:58:04+0000","Precio del cojín y tienen envíos a San Luis Potosí México","precio","es","","publica","","¡Hola! Te damos toda la información por WhatsApp para atenderte mejor 👉 https://wa.me/5214423621753?text=Hola%2C%20me%20interesa%20cojin",""
"120249943971450756","cojinalivia","122229905516531805_2349030758837930","2026-08-25T07:58:07+0000","Me gustaría ver las reseñas del producto, he comprado varios y ninguno me ha servido la verdad si lo necesito porque no me quiero operar y llevo mi mano fatal. Que garantía me dan ?","queja","es","","solo_aviso","queja_solo_aviso","",""
"120249723371970756","cojinalivia","1020761654054523_1630518305340666","2026-08-08T10:48:04+0000","Yo lo tengo es maravilloso,","otro","es","","no_publica","clase_otro","",""
